Workbook
Name Backup_Storage: '[1]Technical Details (IaaS)'!#REF!
Name Backup_Storage: '[1]Technical Details (IaaS)'!#REF!
Name Backup_Storage: '[1]Technical Details (IaaS)'!#REF!
Name Backup_Storage: '[1]Technical Details (IaaS)'!#REF!
Name field_req_Post: '[1]Request Summary'!#REF!
Name field_req_Post: '[1]Request Summary'!#REF!
Name field_req_Post: '[1]Request Summary'!#REF!
Name field_req_Post: '[1]Request Summary'!#REF!
Name Shared_Storage: '[1]Technical Details (IaaS)'!#REF!
Name Shared_Storage: '[1]Technical Details (IaaS)'!#REF!
Name Shared_Storage: '[1]Technical Details (IaaS)'!#REF!
Name Shared_Storage: '[1]Technical Details (IaaS)'!#REF!

Sheet svc
A1: App No. | B1: vLan | C1: Zone | D1: zone tag | E1: upstream | F1: to zone | G1: http | H1: https | I1: app_name | J1: service description | K1: call from external | L1: call from trust | M1: call from dmz | N1: call to external | O1: call to trust | P1: call to dmz | Q1: others | R1: application type | S1: exposed kong(btw dmz/trust) http url | T1: exposed kong(btw dmz/trust) https url | U1: exposed kong(from ext to dmz) http url | V1: exposed kong(from ext to dmz) https url | W1: Linkagee for DAS (Non-Prod)
A2: 1 | B2: v504 | C2: DMZ (TSP) | D2: dmz | E2: ="k8s-"&D2 -> k8s-dmz | F2: =IF(D2="dmz","trust","dmz") -> trust | G2: 31011 | H2: 32011 | I2: bes_signalr_server | J2: SignalR for all internal portal | K2: web socket from TSP/Gov | L2: api / web socket | M2: api / web socket | N2: web socket call TSP/Gov web clients | P2: web socket | R2: web_socket + rest_api | S2: =IF(LEN(B2)>0,IF(ISNUMBER(FIND("api",CONCATENATE(L2,M2))),CONCATENATE("http://ltm",MID(B2,2,15),":8000/",D2,MID(B2,2,15),"/",$I2),""),"") -> http://ltm504:8000/dmz504/bes_signalr_server | T2: =IF(LEN(B2)>0,IF(ISNUMBER(FIND("api",CONCATENATE(L2,M2))),CONCATENATE("https://ltm",MID(B2,2,15),":8443/",D2,MID(B2,2,15),"/",$I2),""),"") -> https://ltm504:8443/dmz504/bes_signalr_server | U2: =IF(D2="dmz",IF(ISNUMBER(FIND("api",K2)),CONCATENATE("http://",B2,".bes_ext_api:8000/",D2,MID(B2,2,15),"/",I2,""),""),"") | V2: =IF(D2="dmz",IF(ISNUMBER(FIND("api",K2)),CONCATENATE("https://",B2,".bes_ext_api:8443/",D2,MID(B2,2,15),"/",I2,""),""),"")
A3: 2 | B3: v504 | C3: DMZ (TSP) | D3: dmz | E3: ="k8s-"&D3 -> k8s-dmz | F3: =IF(D3="dmz","trust","dmz") -> trust | G3: 31026 | H3: 32026 | I3: bes_wmm | J3: Middleware for customer web and mobile app to call | K3: api call from TSP/Internet | L3: api | M3: api | O3: api | P3: api | R3: rest_api | S3: =IF(LEN(B3)>0,IF(ISNUMBER(FIND("api",CONCATENATE(L3,M3))),CONCATENATE("http://ltm",MID(B3,2,15),":8000/",D3,MID(B3,2,15),"/",$I3),""),"") -> http://ltm504:8000/dmz504/bes_wmm | T3: =IF(LEN(B3)>0,IF(ISNUMBER(FIND("api",CONCATENATE(L3,M3))),CONCATENATE("https://ltm",MID(B3,2,15),":8443/",D3,MID(B3,2,15),"/",$I3),""),"") -> https://ltm504:8443/dmz504/bes_wmm | U3: =IF(D3="dmz",IF(ISNUMBER(FIND("api",K3)),CONCATENATE("http://",B3,".bes_ext_api:8000/",D3,MID(B3,2,15),"/",I3,""),""),"") -> http://v504.bes_ext_api:8000/dmz504/bes_wmm | V3: =IF(D3="dmz",IF(ISNUMBER(FIND("api",K3)),CONCATENATE("https://",B3,".bes_ext_api:8443/",D3,MID(B3,2,15),"/",I3,""),""),"") -> https://v504.bes_ext_api:8443/dmz504/bes_wmm
A4: 116 | B4: v804 | C4: DMZ (Internet) | D4: dmz | E4: ="k8s-"&D4 -> k8s-dmz | F4: =IF(D4="dmz","trust","dmz") -> trust | G4: 31026 | H4: 32026 | I4: bes_wmm | J4: Middleware for customer web and mobile app to call | K4: api call from TSP/Internet | L4: api | M4: api | O4: api | P4: api | R4: rest_api | S4: =IF(LEN(B4)>0,IF(ISNUMBER(FIND("api",CONCATENATE(L4,M4))),CONCATENATE("http://ltm",MID(B4,2,15),":8000/",D4,MID(B4,2,15),"/",$I4),""),"") -> http://ltm804:8000/dmz804/bes_wmm | T4: =IF(LEN(B4)>0,IF(ISNUMBER(FIND("api",CONCATENATE(L4,M4))),CONCATENATE("https://ltm",MID(B4,2,15),":8443/",D4,MID(B4,2,15),"/",$I4),""),"") -> https://ltm804:8443/dmz804/bes_wmm | U4: =IF(D4="dmz",IF(ISNUMBER(FIND("api",K4)),CONCATENATE("http://",B4,".bes_ext_api:8000/",D4,MID(B4,2,15),"/",I4,""),""),"") -> http://v804.bes_ext_api:8000/dmz804/bes_wmm | V4: =IF(D4="dmz",IF(ISNUMBER(FIND("api",K4)),CONCATENATE("https://",B4,".bes_ext_api:8443/",D4,MID(B4,2,15),"/",I4,""),""),"") -> https://v804.bes_ext_api:8443/dmz804/bes_wmm
A5: 3 | B5: v504 | C5: DMZ (TSP) & DMZ (Gov) | D5: dmz | E5: ="k8s-"&D5 -> k8s-dmz | F5: =IF(D5="dmz","trust","dmz") -> trust | G5: 31010 | H5: 32010 | I5: bescore_portal | J5: BES Core portal | K5: web access from TSP/Gov | O5: api | R5: web portal | S5: =IF(LEN(B5)>0,IF(ISNUMBER(FIND("api",CONCATENATE(L5,M5))),CONCATENATE("http://ltm",MID(B5,2,15),":8000/",D5,MID(B5,2,15),"/",$I5),""),"") | T5: =IF(LEN(B5)>0,IF(ISNUMBER(FIND("api",CONCATENATE(L5,M5))),CONCATENATE("https://ltm",MID(B5,2,15),":8443/",D5,MID(B5,2,15),"/",$I5),""),"") | U5: =IF(D5="dmz",IF(ISNUMBER(FIND("api",K5)),CONCATENATE("http://",B5,".bes_ext_api:8000/",D5,MID(B5,2,15),"/",I5,""),""),"") | V5: =IF(D5="dmz",IF(ISNUMBER(FIND("api",K5)),CONCATENATE("https://",B5,".bes_ext_api:8443/",D5,MID(B5,2,15),"/",I5,""),""),"")
A6: 117 | B6: v504 | C6: DMZ (TSP) & DMZ (Gov) | D6: dmz | E6: ="k8s-"&D6 -> k8s-dmz | F6: =IF(D6="dmz","trust","dmz") -> trust | G6: 31010 | H6: 32010 | I6: bescore_portal | J6: BES Core portal | K6: web access from TSP/Gov | O6: api | R6: web portal | S6: =IF(LEN(B6)>0,IF(ISNUMBER(FIND("api",CONCATENATE(L6,M6))),CONCATENATE("http://ltm",MID(B6,2,15),":8000/",D6,MID(B6,2,15),"/",$I6),""),"") | T6: =IF(LEN(B6)>0,IF(ISNUMBER(FIND("api",CONCATENATE(L6,M6))),CONCATENATE("https://ltm",MID(B6,2,15),":8443/",D6,MID(B6,2,15),"/",$I6),""),"") | U6: =IF(D6="dmz",IF(ISNUMBER(FIND("api",K6)),CONCATENATE("http://",B6,".bes_ext_api:8000/",D6,MID(B6,2,15),"/",I6,""),""),"") | V6: =IF(D6="dmz",IF(ISNUMBER(FIND("api",K6)),CONCATENATE("https://",B6,".bes_ext_api:8443/",D6,MID(B6,2,15),"/",I6,""),""),"")
A7: 4 | B7: v504 | C7: DMZ (TSP) & DMZ (Gov) | D7: dmz | E7: ="k8s-"&D7 -> k8s-dmz | F7: =IF(D7="dmz","trust","dmz") -> trust | G7: 31028 | H7: 32028 | I7: ccms_portal | J7: BES CCMS Portal | K7: web access from TSP/Gov | O7: api | R7: web portal | S7: =IF(LEN(B7)>0,IF(ISNUMBER(FIND("api",CONCATENATE(L7,M7))),CONCATENATE("http://ltm",MID(B7,2,15),":8000/",D7,MID(B7,2,15),"/",$I7),""),"") | T7: =IF(LEN(B7)>0,IF(ISNUMBER(FIND("api",CONCATENATE(L7,M7))),CONCATENATE("https://ltm",MID(B7,2,15),":8443/",D7,MID(B7,2,15),"/",$I7),""),"") | U7: =IF(D7="dmz",IF(ISNUMBER(FIND("api",K7)),CONCATENATE("http://",B7,".bes_ext_api:8000/",D7,MID(B7,2,15),"/",I7,""),""),"") | V7: =IF(D7="dmz",IF(ISNUMBER(FIND("api",K7)),CONCATENATE("https://",B7,".bes_ext_api:8443/",D7,MID(B7,2,15),"/",I7,""),""),"")
A8: 118 | B8: v504 | C8: DMZ (TSP) & DMZ (Gov) | D8: dmz | E8: ="k8s-"&D8 -> k8s-dmz | F8: =IF(D8="dmz","trust","dmz") -> trust | G8: 31028 | H8: 32028 | I8: ccms_portal | J8: BES CCMS Portal | K8: web access from TSP/Gov | O8: api | R8: web portal | S8: =IF(LEN(B8)>0,IF(ISNUMBER(FIND("api",CONCATENATE(L8,M8))),CONCATENATE("http://ltm",MID(B8,2,15),":8000/",D8,MID(B8,2,15),"/",$I8),""),"") | T8: =IF(LEN(B8)>0,IF(ISNUMBER(FIND("api",CONCATENATE(L8,M8))),CONCATENATE("https://ltm",MID(B8,2,15),":8443/",D8,MID(B8,2,15),"/",$I8),""),"") | U8: =IF(D8="dmz",IF(ISNUMBER(FIND("api",K8)),CONCATENATE("http://",B8,".bes_ext_api:8000/",D8,MID(B8,2,15),"/",I8,""),""),"") | V8: =IF(D8="dmz",IF(ISNUMBER(FIND("api",K8)),CONCATENATE("https://",B8,".bes_ext_api:8443/",D8,MID(B8,2,15),"/",I8,""),""),"")
A9: 5 | B9: v904 | C9: DMZ (Gov) | D9: dmz | E9: ="k8s-"&D9 -> k8s-dmz | F9: =IF(D9="dmz","trust","dmz") -> trust | G9: 31211 | H9: 32211 | I9: ccs_middleware | J9: app to upload file to CCS FTP (ext) | L9: api | N9: File upload to CCS's FTP | O9: api | R9: rest_api | S9: =IF(LEN(B9)>0,IF(ISNUMBER(FIND("api",CONCATENATE(L9,M9))),CONCATENATE("http://ltm",MID(B9,2,15),":8000/",D9,MID(B9,2,15),"/",$I9),""),"") -> http://ltm904:8000/dmz904/ccs_middleware | T9: =IF(LEN(B9)>0,IF(ISNUMBER(FIND("api",CONCATENATE(L9,M9))),CONCATENATE("https://ltm",MID(B9,2,15),":8443/",D9,MID(B9,2,15),"/",$I9),""),"") -> https://ltm904:8443/dmz904/ccs_middleware | U9: =IF(D9="dmz",IF(ISNUMBER(FIND("api",K9)),CONCATENATE("http://",B9,".bes_ext_api:8000/",D9,MID(B9,2,15),"/",I9,""),""),"") | V9: =IF(D9="dmz",IF(ISNUMBER(FIND("api",K9)),CONCATENATE("https://",B9,".bes_ext_api:8443/",D9,MID(B9,2,15),"/",I9,""),""),"")
A10: 6 | B10: v630 | C10: DMZ (DAS) | D10: dmz | E10: ="k8s-"&D10 -> k8s-dmz | F10: =IF(D10="dmz","trust","dmz") -> trust | G10: 31119 | H10: 32119 | I10: das_middleware | J10: DAS middleware | K10: api call from DAS | L10: api | N10: api call DAS API | O10: api | Q10: Pulsar, Object Storage | R10: rest_api | S10: =IF(LEN(B10)>0,IF(ISNUMBER(FIND("api",CONCATENATE(L10,M10))),CONCATENATE("http://ltm",MID(B10,2,15),":8000/",D10,MID(B10,2,15),"/",$I10),""),"") -> http://ltm630:8000/dmz630/das_middleware | T10: =IF(LEN(B10)>0,IF(ISNUMBER(FIND("api",CONCATENATE(L10,M10))),CONCATENATE("https://ltm",MID(B10,2,15),":8443/",D10,MID(B10,2,15),"/",$I10),""),"") -> https://ltm630:8443/dmz630/das_middleware | U10: =IF(D10="dmz",IF(ISNUMBER(FIND("api",K10)),CONCATENATE("http://",B10,".bes_ext_api:8000/",D10,MID(B10,2,15),"/",I10,""),""),"") -> http://v630.bes_ext_api:8000/dmz630/das_middleware | V10: =IF(D10="dmz",IF(ISNUMBER(FIND("api",K10)),CONCATENATE("https://",B10,".bes_ext_api:8443/",D10,MID(B10,2,15),"/",I10,""),""),"") -> https://v630.bes_ext_api:8443/dmz630/das_middleware | W10: https://172.16.150.71:8443/dmz630/das_middleware
A11: 8 | B11: v504 | C11: DMZ (TSP) & DMZ (Gov) | D11: dmz | E11: ="k8s-"&D11 -> k8s-dmz | F11: =IF(D11="dmz","trust","dmz") -> trust | G11: 31013 | H11: 32013 | I11: ecms_portal | J11: BES ECMS portal | K11: web access from TSP/Gov | O11: api | R11: web portal | S11: =IF(LEN(B11)>0,IF(ISNUMBER(FIND("api",CONCATENATE(L11,M11))),CONCATENATE("http://ltm",MID(B11,2,15),":8000/",D11,MID(B11,2,15),"/",$I11),""),"") | T11: =IF(LEN(B11)>0,IF(ISNUMBER(FIND("api",CONCATENATE(L11,M11))),CONCATENATE("https://ltm",MID(B11,2,15),":8443/",D11,MID(B11,2,15),"/",$I11),""),"") | U11: =IF(D11="dmz",IF(ISNUMBER(FIND("api",K11)),CONCATENATE("http://",B11,".bes_ext_api:8000/",D11,MID(B11,2,15),"/",I11,""),""),"") | V11: =IF(D11="dmz",IF(ISNUMBER(FIND("api",K11)),CONCATENATE("https://",B11,".bes_ext_api:8443/",D11,MID(B11,2,15),"/",I11,""),""),"")
A12: 119 | B12: v504 | C12: DMZ (TSP) & DMZ (Gov) | D12: dmz | E12: ="k8s-"&D12 -> k8s-dmz | F12: =IF(D12="dmz","trust","dmz") -> trust | G12: 31013 | H12: 32013 | I12: ecms_portal | J12: BES ECMS portal | K12: web access from TSP/Gov | O12: api | R12: web portal | S12: =IF(LEN(B12)>0,IF(ISNUMBER(FIND("api",CONCATENATE(L12,M12))),CONCATENATE("http://ltm",MID(B12,2,15),":8000/",D12,MID(B12,2,15),"/",$I12),""),"") | T12: =IF(LEN(B12)>0,IF(ISNUMBER(FIND("api",CONCATENATE(L12,M12))),CONCATENATE("https://ltm",MID(B12,2,15),":8443/",D12,MID(B12,2,15),"/",$I12),""),"") | U12: =IF(D12="dmz",IF(ISNUMBER(FIND("api",K12)),CONCATENATE("http://",B12,".bes_ext_api:8000/",D12,MID(B12,2,15),"/",I12,""),""),"") | V12: =IF(D12="dmz",IF(ISNUMBER(FIND("api",K12)),CONCATENATE("https://",B12,".bes_ext_api:8443/",D12,MID(B12,2,15),"/",I12,""),""),"")
A13: 9 | B13: v804 | C13: DMZ (Internet) | D13: dmz | E13: ="k8s-"&D13 -> k8s-dmz | F13: =IF(D13="dmz","trust","dmz") -> trust | G13: 31029 | H13: 32029 | I13: ffts_web | J13: customer web | K13: web access from Internet | M13: web socket | P13: api / web socket | R13: web portal | S13: =IF(LEN(B13)>0,IF(ISNUMBER(FIND("api",CONCATENATE(L13,M13))),CONCATENATE("http://ltm",MID(B13,2,15),":8000/",D13,MID(B13,2,15),"/",$I13),""),"") | T13: =IF(LEN(B13)>0,IF(ISNUMBER(FIND("api",CONCATENATE(L13,M13))),CONCATENATE("https://ltm",MID(B13,2,15),":8443/",D13,MID(B13,2,15),"/",$I13),""),"") | U13: =IF(D13="dmz",IF(ISNUMBER(FIND("api",K13)),CONCATENATE("http://",B13,".bes_ext_api:8000/",D13,MID(B13,2,15),"/",I13,""),""),"") | V13: =IF(D13="dmz",IF(ISNUMBER(FIND("api",K13)),CONCATENATE("https://",B13,".bes_ext_api:8443/",D13,MID(B13,2,15),"/",I13,""),""),"")
A14: 10 | B14: v504 | C14: DMZ (TSP) | D14: dmz | E14: ="k8s-"&D14 -> k8s-dmz | F14: =IF(D14="dmz","trust","dmz") -> trust | G14: 31400 | H14: 32400 | I14: notification_result | J14: notification result | K14: api call from TSP | L14: api | M14: api | N14: api call TSP Notification Middleware | O14: api | P14: api | Q14: Pulsar | R14: rest_api | S14: =IF(LEN(B14)>0,IF(ISNUMBER(FIND("api",CONCATENATE(L14,M14))),CONCATENATE("http://ltm",MID(B14,2,15),":8000/",D14,MID(B14,2,15),"/",$I14),""),"") -> http://ltm504:8000/dmz504/notification_result | T14: =IF(LEN(B14)>0,IF(ISNUMBER(FIND("api",CONCATENATE(L14,M14))),CONCATENATE("https://ltm",MID(B14,2,15),":8443/",D14,MID(B14,2,15),"/",$I14),""),"") -> https://ltm504:8443/dmz504/notification_result | U14: =IF(D14="dmz",IF(ISNUMBER(FIND("api",K14)),CONCATENATE("http://",B14,".bes_ext_api:8000/",D14,MID(B14,2,15),"/",I14,""),""),"") -> http://v504.bes_ext_api:8000/dmz504/notification_result | V14: =IF(D14="dmz",IF(ISNUMBER(FIND("api",K14)),CONCATENATE("https://",B14,".bes_ext_api:8443/",D14,MID(B14,2,15),"/",I14,""),""),"") -> https://v504.bes_ext_api:8443/dmz504/notification_result
A15: 11 | B15: v504 | C15: DMZ (TSP) | D15: dmz | E15: ="k8s-"&D15 -> k8s-dmz | F15: =IF(D15="dmz","trust","dmz") -> trust | G15: 31031 | H15: 32031 | I15: payment_middleware | J15: payment middleware | K15: api call from TSP | L15: api | M15: api | N15: api call TSP PSIS | O15: api | P15: api | R15: rest_api | S15: =IF(LEN(B15)>0,IF(ISNUMBER(FIND("api",CONCATENATE(L15,M15))),CONCATENATE("http://ltm",MID(B15,2,15),":8000/",D15,MID(B15,2,15),"/",$I15),""),"") -> http://ltm504:8000/dmz504/payment_middleware | T15: =IF(LEN(B15)>0,IF(ISNUMBER(FIND("api",CONCATENATE(L15,M15))),CONCATENATE("https://ltm",MID(B15,2,15),":8443/",D15,MID(B15,2,15),"/",$I15),""),"") -> https://ltm504:8443/dmz504/payment_middleware | U15: =IF(D15="dmz",IF(ISNUMBER(FIND("api",K15)),CONCATENATE("http://",B15,".bes_ext_api:8000/",D15,MID(B15,2,15),"/",I15,""),""),"") -> http://v504.bes_ext_api:8000/dmz504/payment_middleware | V15: =IF(D15="dmz",IF(ISNUMBER(FIND("api",K15)),CONCATENATE("https://",B15,".bes_ext_api:8443/",D15,MID(B15,2,15),"/",I15,""),""),"") -> https://v504.bes_ext_api:8443/dmz504/payment_middleware
A16: 12 | B16: v630_itoms2 | C16: DMZ (TSP) & DMZ (DAS) | D16: dmz | E16: ="toms-"&D16 -> toms-dmz | F16: =IF(D16="dmz","trust","dmz") -> trust | G16: 31002 | H16: 32002 | I16: toms_middleware | J16: toms middleware [Docker in Standalone VM] | K16: api call from DAS/BES-Internal | L16: api | M16: api | N16: api call DAS/BES-Internal | O16: api | P16: api | R16: rest_api | S16: =IF(LEN(B16)>0,IF(ISNUMBER(FIND("api",CONCATENATE(L16,M16))),CONCATENATE("http://ltm",MID(B16,2,15),":8000/",D16,MID(B16,2,15),"/",$I16),""),"") -> http://ltm630_itoms2:8000/dmz630_itoms2/toms_middleware | T16: =IF(LEN(B16)>0,IF(ISNUMBER(FIND("api",CONCATENATE(L16,M16))),CONCATENATE("https://ltm",MID(B16,2,15),":8443/",D16,MID(B16,2,15),"/",$I16),""),"") -> https://ltm630_itoms2:8443/dmz630_itoms2/toms_middleware | U16: =IF(D16="dmz",IF(ISNUMBER(FIND("api",K16)),CONCATENATE("http://",B16,".bes_ext_api:8000/",D16,MID(B16,2,15),"/",I16,""),""),"") -> http://v630_itoms2.bes_ext_api:8000/dmz630_itoms2/toms_middleware | V16: =IF(D16="dmz",IF(ISNUMBER(FIND("api",K16)),CONCATENATE("https://",B16,".bes_ext_api:8443/",D16,MID(B16,2,15),"/",I16,""),""),"") -> https://v630_itoms2.bes_ext_api:8443/dmz630_itoms2/toms_middleware | W16: https://172.16.151.121:31002
A17: 13 | B17: v504_itoms1 | C17: DMZ (TSP) | D17: dmz | E17: ="toms-"&D17 -> toms-dmz | F17: =IF(D17="dmz","trust","dmz") -> trust | G17: 31030 | H17: 32030 | I17: toms_portal | J17: TOMS web portal [Docker in Standalone VM] | K17: web access from TSP | O17: api | P17: api | R17: web portal | S17: =IF(LEN(B17)>0,IF(ISNUMBER(FIND("api",CONCATENATE(L17,M17))),CONCATENATE("http://ltm",MID(B17,2,15),":8000/",D17,MID(B17,2,15),"/",$I17),""),"") | T17: =IF(LEN(B17)>0,IF(ISNUMBER(FIND("api",CONCATENATE(L17,M17))),CONCATENATE("https://ltm",MID(B17,2,15),":8443/",D17,MID(B17,2,15),"/",$I17),""),"") | U17: =IF(D17="dmz",IF(ISNUMBER(FIND("api",K17)),CONCATENATE("http://",B17,".bes_ext_api:8000/",D17,MID(B17,2,15),"/",I17,""),""),"") | V17: =IF(D17="dmz",IF(ISNUMBER(FIND("api",K17)),CONCATENATE("https://",B17,".bes_ext_api:8443/",D17,MID(B17,2,15),"/",I17,""),""),"")
A18: 14 | B18: v504 | C18: DMZ (TSP) | D18: dmz | E18: ="k8s-"&D18 -> k8s-dmz | F18: =IF(D18="dmz","trust","dmz") -> trust | G18: 31401 | H18: 32401 | I18: tsp_middleware | J18: TSP middleware | K18: api call from TSP | L18: api | N18: api call TSP Interface | O18: api | R18: rest_api | S18: =IF(LEN(B18)>0,IF(ISNUMBER(FIND("api",CONCATENATE(L18,M18))),CONCATENATE("http://ltm",MID(B18,2,15),":8000/",D18,MID(B18,2,15),"/",$I18),""),"") -> http://ltm504:8000/dmz504/tsp_middleware | T18: =IF(LEN(B18)>0,IF(ISNUMBER(FIND("api",CONCATENATE(L18,M18))),CONCATENATE("https://ltm",MID(B18,2,15),":8443/",D18,MID(B18,2,15),"/",$I18),""),"") -> https://ltm504:8443/dmz504/tsp_middleware | U18: =IF(D18="dmz",IF(ISNUMBER(FIND("api",K18)),CONCATENATE("http://",B18,".bes_ext_api:8000/",D18,MID(B18,2,15),"/",I18,""),""),"") -> http://v504.bes_ext_api:8000/dmz504/tsp_middleware | V18: =IF(D18="dmz",IF(ISNUMBER(FIND("api",K18)),CONCATENATE("https://",B18,".bes_ext_api:8443/",D18,MID(B18,2,15),"/",I18,""),""),"") -> https://v504.bes_ext_api:8443/dmz504/tsp_middleware
A19: 15 | B19: v504 | C19: DMZ (TSP) | D19: dmz | E19: ="k8s-"&D19 -> k8s-dmz | F19: =IF(D19="dmz","trust","dmz") -> trust | G19: 31402 | H19: 32402 | I19: ttis_middleware | J19: TTIS middleware | K19: api call from TSP | L19: api | N19: api call TSP TTIS | O19: api | R19: rest_api | S19: =IF(LEN(B19)>0,IF(ISNUMBER(FIND("api",CONCATENATE(L19,M19))),CONCATENATE("http://ltm",MID(B19,2,15),":8000/",D19,MID(B19,2,15),"/",$I19),""),"") -> http://ltm504:8000/dmz504/ttis_middleware | T19: =IF(LEN(B19)>0,IF(ISNUMBER(FIND("api",CONCATENATE(L19,M19))),CONCATENATE("https://ltm",MID(B19,2,15),":8443/",D19,MID(B19,2,15),"/",$I19),""),"") -> https://ltm504:8443/dmz504/ttis_middleware | U19: =IF(D19="dmz",IF(ISNUMBER(FIND("api",K19)),CONCATENATE("http://",B19,".bes_ext_api:8000/",D19,MID(B19,2,15),"/",I19,""),""),"") -> http://v504.bes_ext_api:8000/dmz504/ttis_middleware | V19: =IF(D19="dmz",IF(ISNUMBER(FIND("api",K19)),CONCATENATE("https://",B19,".bes_ext_api:8443/",D19,MID(B19,2,15),"/",I19,""),""),"") -> https://v504.bes_ext_api:8443/dmz504/ttis_middleware
A20: 16 | B20: v904 | C20: DMZ (Gov) | D20: dmz | E20: ="k8s-"&D20 -> k8s-dmz | F20: =IF(D20="dmz","trust","dmz") -> trust | G20: 31403 | H20: 32403 | I20: validv_middleware | J20: Valid V middleware | L20: api | N20: File upload/download from VALID V web service | O20: api | R20: rest_api / worker service (corn job) | S20: =IF(LEN(B20)>0,IF(ISNUMBER(FIND("api",CONCATENATE(L20,M20))),CONCATENATE("http://ltm",MID(B20,2,15),":8000/",D20,MID(B20,2,15),"/",$I20),""),"") -> http://ltm904:8000/dmz904/validv_middleware | T20: =IF(LEN(B20)>0,IF(ISNUMBER(FIND("api",CONCATENATE(L20,M20))),CONCATENATE("https://ltm",MID(B20,2,15),":8443/",D20,MID(B20,2,15),"/",$I20),""),"") -> https://ltm904:8443/dmz904/validv_middleware | U20: =IF(D20="dmz",IF(ISNUMBER(FIND("api",K20)),CONCATENATE("http://",B20,".bes_ext_api:8000/",D20,MID(B20,2,15),"/",I20,""),""),"") | V20: =IF(D20="dmz",IF(ISNUMBER(FIND("api",K20)),CONCATENATE("https://",B20,".bes_ext_api:8443/",D20,MID(B20,2,15),"/",I20,""),""),"")
A21: 17 | B21: v904 | C21: DMZ (Gov) | D21: dmz | E21: ="k8s-"&D21 -> k8s-dmz | F21: =IF(D21="dmz","trust","dmz") -> trust | G21: 31404 | H21: 32404 | I21: vssd_middleware | J21: VSSD middleware | L21: api | N21: File upload/download from VSSD web service | O21: api | R21: rest_api | S21: =IF(LEN(B21)>0,IF(ISNUMBER(FIND("api",CONCATENATE(L21,M21))),CONCATENATE("http://ltm",MID(B21,2,15),":8000/",D21,MID(B21,2,15),"/",$I21),""),"") -> http://ltm904:8000/dmz904/vssd_middleware | T21: =IF(LEN(B21)>0,IF(ISNUMBER(FIND("api",CONCATENATE(L21,M21))),CONCATENATE("https://ltm",MID(B21,2,15),":8443/",D21,MID(B21,2,15),"/",$I21),""),"") -> https://ltm904:8443/dmz904/vssd_middleware | U21: =IF(D21="dmz",IF(ISNUMBER(FIND("api",K21)),CONCATENATE("http://",B21,".bes_ext_api:8000/",D21,MID(B21,2,15),"/",I21,""),""),"") | V21: =IF(D21="dmz",IF(ISNUMBER(FIND("api",K21)),CONCATENATE("https://",B21,".bes_ext_api:8443/",D21,MID(B21,2,15),"/",I21,""),""),"")
A22: 18 | B22: v510 | C22: Internal Application Zone | D22: trust | E22: ="k8s-"&D22 -> k8s-trust | F22: =IF(D22="dmz","trust","dmz") -> dmz | G22: 31009 | H22: 32009 | I22: accmgt_api | J22: API for core portal management | L22: api | M22: api | O22: api | P22: api | R22: rest_api | S22: =IF(LEN(B22)>0,IF(ISNUMBER(FIND("api",CONCATENATE(L22,M22))),CONCATENATE("http://ltm",MID(B22,2,15),":8000/",D22,MID(B22,2,15),"/",$I22),""),"") -> http://ltm510:8000/trust510/accmgt_api | T22: =IF(LEN(B22)>0,IF(ISNUMBER(FIND("api",CONCATENATE(L22,M22))),CONCATENATE("https://ltm",MID(B22,2,15),":8443/",D22,MID(B22,2,15),"/",$I22),""),"") -> https://ltm510:8443/trust510/accmgt_api
A23: 19 | B23: v510 | C23: Internal Application Zone | D23: trust | E23: ="k8s-"&D23 -> k8s-trust | F23: =IF(D23="dmz","trust","dmz") -> dmz | G23: 31000 | H23: 32000 | I23: auth_api | J23: login for internal portal | L23: api | M23: api | O23: api | P23: api | R23: rest_api | S23: =IF(LEN(B23)>0,IF(ISNUMBER(FIND("api",CONCATENATE(L23,M23))),CONCATENATE("http://ltm",MID(B23,2,15),":8000/",D23,MID(B23,2,15),"/",$I23),""),"") -> http://ltm510:8000/trust510/auth_api | T23: =IF(LEN(B23)>0,IF(ISNUMBER(FIND("api",CONCATENATE(L23,M23))),CONCATENATE("https://ltm",MID(B23,2,15),":8443/",D23,MID(B23,2,15),"/",$I23),""),"") -> https://ltm510:8443/trust510/auth_api
A24: 20 | B24: v510 | C24: Internal Application Zone | D24: trust | E24: ="k8s-"&D24 -> k8s-trust | F24: =IF(D24="dmz","trust","dmz") -> dmz | G24: 31201 | H24: 32201 | I24: bes_acc_im001_fft_account_registration | J24: API for Account mangement functions | L24: api | M24: api | O24: api | P24: api | R24: rest_api | S24: =IF(LEN(B24)>0,IF(ISNUMBER(FIND("api",CONCATENATE(L24,M24))),CONCATENATE("http://ltm",MID(B24,2,15),":8000/",D24,MID(B24,2,15),"/",$I24),""),"") -> http://ltm510:8000/trust510/bes_acc_im001_fft_account_registration | T24: =IF(LEN(B24)>0,IF(ISNUMBER(FIND("api",CONCATENATE(L24,M24))),CONCATENATE("https://ltm",MID(B24,2,15),":8443/",D24,MID(B24,2,15),"/",$I24),""),"") -> https://ltm510:8443/trust510/bes_acc_im001_fft_account_registration
A25: 21 | B25: v810 | C25: External Application Zone | D25: trust | E25: ="k8s-"&D25 -> k8s-trust | F25: =IF(D25="dmz","trust","dmz") -> dmz | G25: 31201 | H25: 32201 | I25: bes_acc_im001_fft_account_registration | J25: API for Account mangement functions | L25: api | M25: api | O25: api | P25: api | R25: rest_api | S25: =IF(LEN(B25)>0,IF(ISNUMBER(FIND("api",CONCATENATE(L25,M25))),CONCATENATE("http://ltm",MID(B25,2,15),":8000/",D25,MID(B25,2,15),"/",$I25),""),"") -> http://ltm810:8000/trust810/bes_acc_im001_fft_account_registration | T25: =IF(LEN(B25)>0,IF(ISNUMBER(FIND("api",CONCATENATE(L25,M25))),CONCATENATE("https://ltm",MID(B25,2,15),":8443/",D25,MID(B25,2,15),"/",$I25),""),"") -> https://ltm810:8443/trust810/bes_acc_im001_fft_account_registration
A26: 22 | B26: v510 | C26: Internal Application Zone | D26: trust | E26: ="k8s-"&D26 -> k8s-trust | F26: =IF(D26="dmz","trust","dmz") -> dmz | G26: 31202 | H26: 32202 | I26: bes_acc_im002_fft_vehicle_management | J26: API for Account mangement functions | L26: api | M26: api | O26: api | P26: api | R26: rest_api | S26: =IF(LEN(B26)>0,IF(ISNUMBER(FIND("api",CONCATENATE(L26,M26))),CONCATENATE("http://ltm",MID(B26,2,15),":8000/",D26,MID(B26,2,15),"/",$I26),""),"") -> http://ltm510:8000/trust510/bes_acc_im002_fft_vehicle_management | T26: =IF(LEN(B26)>0,IF(ISNUMBER(FIND("api",CONCATENATE(L26,M26))),CONCATENATE("https://ltm",MID(B26,2,15),":8443/",D26,MID(B26,2,15),"/",$I26),""),"") -> https://ltm510:8443/trust510/bes_acc_im002_fft_vehicle_management
A27: 23 | B27: v810 | C27: External Application Zone | D27: trust | E27: ="k8s-"&D27 -> k8s-trust | F27: =IF(D27="dmz","trust","dmz") -> dmz | G27: 31202 | H27: 32202 | I27: bes_acc_im002_fft_vehicle_management | J27: API for Account mangement functions | L27: api | M27: api | O27: api | P27: api | R27: rest_api | S27: =IF(LEN(B27)>0,IF(ISNUMBER(FIND("api",CONCATENATE(L27,M27))),CONCATENATE("http://ltm",MID(B27,2,15),":8000/",D27,MID(B27,2,15),"/",$I27),""),"") -> http://ltm810:8000/trust810/bes_acc_im002_fft_vehicle_management | T27: =IF(LEN(B27)>0,IF(ISNUMBER(FIND("api",CONCATENATE(L27,M27))),CONCATENATE("https://ltm",MID(B27,2,15),":8443/",D27,MID(B27,2,15),"/",$I27),""),"") -> https://ltm810:8443/trust810/bes_acc_im002_fft_vehicle_management
A28: 24 | B28: v510 | C28: Internal Application Zone | D28: trust | E28: ="k8s-"&D28 -> k8s-trust | F28: =IF(D28="dmz","trust","dmz") -> dmz | G28: 31203 | H28: 32203 | I28: bes_acc_im003_fft_vehicle_group_management | J28: API for Account mangement functions | L28: api | M28: api | O28: api | P28: api | R28: rest_api | S28: =IF(LEN(B28)>0,IF(ISNUMBER(FIND("api",CONCATENATE(L28,M28))),CONCATENATE("http://ltm",MID(B28,2,15),":8000/",D28,MID(B28,2,15),"/",$I28),""),"") -> http://ltm510:8000/trust510/bes_acc_im003_fft_vehicle_group_management | T28: =IF(LEN(B28)>0,IF(ISNUMBER(FIND("api",CONCATENATE(L28,M28))),CONCATENATE("https://ltm",MID(B28,2,15),":8443/",D28,MID(B28,2,15),"/",$I28),""),"") -> https://ltm510:8443/trust510/bes_acc_im003_fft_vehicle_group_management
A29: 25 | B29: v810 | C29: External Application Zone | D29: trust | E29: ="k8s-"&D29 -> k8s-trust | F29: =IF(D29="dmz","trust","dmz") -> dmz | G29: 31203 | H29: 32203 | I29: bes_acc_im003_fft_vehicle_group_management | J29: API for Account mangement functions | L29: api | M29: api | O29: api | P29: api | R29: rest_api | S29: =IF(LEN(B29)>0,IF(ISNUMBER(FIND("api",CONCATENATE(L29,M29))),CONCATENATE("http://ltm",MID(B29,2,15),":8000/",D29,MID(B29,2,15),"/",$I29),""),"") -> http://ltm810:8000/trust810/bes_acc_im003_fft_vehicle_group_management | T29: =IF(LEN(B29)>0,IF(ISNUMBER(FIND("api",CONCATENATE(L29,M29))),CONCATENATE("https://ltm",MID(B29,2,15),":8443/",D29,MID(B29,2,15),"/",$I29),""),"") -> https://ltm810:8443/trust810/bes_acc_im003_fft_vehicle_group_management
A30: 26 | B30: v510 | C30: Internal Application Zone | D30: trust | E30: ="k8s-"&D30 -> k8s-trust | F30: =IF(D30="dmz","trust","dmz") -> dmz | G30: 31204 | H30: 32204 | I30: bes_acc_im004_fft_account_search | J30: API for Account mangement functions | L30: api | M30: api | O30: api | P30: api | R30: rest_api | S30: =IF(LEN(B30)>0,IF(ISNUMBER(FIND("api",CONCATENATE(L30,M30))),CONCATENATE("http://ltm",MID(B30,2,15),":8000/",D30,MID(B30,2,15),"/",$I30),""),"") -> http://ltm510:8000/trust510/bes_acc_im004_fft_account_search | T30: =IF(LEN(B30)>0,IF(ISNUMBER(FIND("api",CONCATENATE(L30,M30))),CONCATENATE("https://ltm",MID(B30,2,15),":8443/",D30,MID(B30,2,15),"/",$I30),""),"") -> https://ltm510:8443/trust510/bes_acc_im004_fft_account_search
A31: 27 | B31: v810 | C31: External Application Zone | D31: trust | E31: ="k8s-"&D31 -> k8s-trust | F31: =IF(D31="dmz","trust","dmz") -> dmz | G31: 31204 | H31: 32204 | I31: bes_acc_im004_fft_account_search | J31: API for Account mangement functions | L31: api | M31: api | O31: api | P31: api | R31: rest_api | S31: =IF(LEN(B31)>0,IF(ISNUMBER(FIND("api",CONCATENATE(L31,M31))),CONCATENATE("http://ltm",MID(B31,2,15),":8000/",D31,MID(B31,2,15),"/",$I31),""),"") -> http://ltm810:8000/trust810/bes_acc_im004_fft_account_search | T31: =IF(LEN(B31)>0,IF(ISNUMBER(FIND("api",CONCATENATE(L31,M31))),CONCATENATE("https://ltm",MID(B31,2,15),":8443/",D31,MID(B31,2,15),"/",$I31),""),"") -> https://ltm810:8443/trust810/bes_acc_im004_fft_account_search
A32: 28 | B32: v510 | C32: Internal Application Zone | D32: trust | E32: ="k8s-"&D32 -> k8s-trust | F32: =IF(D32="dmz","trust","dmz") -> dmz | G32: 31205 | H32: 32205 | I32: bes_acc_im005_fft_driver_approval | J32: API for Account mangement functions | L32: api | M32: api | O32: api | P32: api | R32: rest_api | S32: =IF(LEN(B32)>0,IF(ISNUMBER(FIND("api",CONCATENATE(L32,M32))),CONCATENATE("http://ltm",MID(B32,2,15),":8000/",D32,MID(B32,2,15),"/",$I32),""),"") -> http://ltm510:8000/trust510/bes_acc_im005_fft_driver_approval | T32: =IF(LEN(B32)>0,IF(ISNUMBER(FIND("api",CONCATENATE(L32,M32))),CONCATENATE("https://ltm",MID(B32,2,15),":8443/",D32,MID(B32,2,15),"/",$I32),""),"") -> https://ltm510:8443/trust510/bes_acc_im005_fft_driver_approval
A33: 29 | B33: v810 | C33: External Application Zone | D33: trust | E33: ="k8s-"&D33 -> k8s-trust | F33: =IF(D33="dmz","trust","dmz") -> dmz | G33: 31205 | H33: 32205 | I33: bes_acc_im005_fft_driver_approval | J33: API for Account mangement functions | L33: api | M33: api | O33: api | P33: api | R33: rest_api | S33: =IF(LEN(B33)>0,IF(ISNUMBER(FIND("api",CONCATENATE(L33,M33))),CONCATENATE("http://ltm",MID(B33,2,15),":8000/",D33,MID(B33,2,15),"/",$I33),""),"") -> http://ltm810:8000/trust810/bes_acc_im005_fft_driver_approval | T33: =IF(LEN(B33)>0,IF(ISNUMBER(FIND("api",CONCATENATE(L33,M33))),CONCATENATE("https://ltm",MID(B33,2,15),":8443/",D33,MID(B33,2,15),"/",$I33),""),"") -> https://ltm810:8443/trust810/bes_acc_im005_fft_driver_approval
... A56: 46 | B56: v810 | C56: External Application Zone | D56: trust | E56: ="k8s-"&D56 -> k8s-trust | F56: =IF(D56="dmz","trust","dmz") -> dmz | G56: 31307 | H56: 32307 | I56: bes_cre_im007_notification_template_management | J56: API for notification management | L56: api | M56: api | O56: api | P56: api | R56: rest_api | S56: =IF(LEN(B56)>0,IF(ISNUMBER(FIND("api",CONCATENATE(L56,M56))),CONCATENATE("http://ltm",MID(B56,2,15),":8000/",D56,MID(B56,2,15),"/",$I56),""),"") -> http://ltm810:8000/trust810/bes_cre_im007_notification_template_management | T56: =IF(LEN(B56)>0,IF(ISNUMBER(FIND("api",CONCATENATE(L56,M56))),CONCATENATE("https://ltm",MID(B56,2,15),":8443/",D56,MID(B56,2,15),"/",$I56),""),"") -> https://ltm810:8443/trust810/bes_cre_im007_notification_template_management
A57: 47 | B57: v510 | C57: Internal Application Zone | D57: trust | E57: ="k8s-"&D57 -> k8s-trust | F57: =IF(D57="dmz","trust","dmz") -> dmz | G57: 31308 | H57: 32308 | I57: bes_cre_im008_notification_message_management | J57: API for notification management | L57: api | M57: api | O57: api | P57: api | Q57: Pulsar | R57: rest_api | S57: =IF(LEN(B57)>0,IF(ISNUMBER(FIND("api",CONCATENATE(L57,M57))),CONCATENATE("http://ltm",MID(B57,2,15),":8000/",D57,MID(B57,2,15),"/",$I57),""),"") -> http://ltm510:8000/trust510/bes_cre_im008_notification_message_management | T57: =IF(LEN(B57)>0,IF(ISNUMBER(FIND("api",CONCATENATE(L57,M57))),CONCATENATE("https://ltm",MID(B57,2,15),":8443/",D57,MID(B57,2,15),"/",$I57),""),"") -> https://ltm510:8443/trust510/bes_cre_im008_notification_message_management
A58: 48 | B58: v810 | C58: External Application Zone | D58: trust | E58: ="k8s-"&D58 -> k8s-trust | F58: =IF(D58="dmz","trust","dmz") -> dmz | G58: 31308 | H58: 32308 | I58: bes_cre_im008_notification_message_management | J58: API for notification management | L58: api | M58: api | O58: api | P58: api | Q58: Pulsar | R58: rest_api | S58: =IF(LEN(B58)>0,IF(ISNUMBER(FIND("api",CONCATENATE(L58,M58))),CONCATENATE("http://ltm",MID(B58,2,15),":8000/",D58,MID(B58,2,15),"/",$I58),""),"") -> http://ltm810:8000/trust810/bes_cre_im008_notification_message_management | T58: =IF(LEN(B58)>0,IF(ISNUMBER(FIND("api",CONCATENATE(L58,M58))),CONCATENATE("https://ltm",MID(B58,2,15),":8443/",D58,MID(B58,2,15),"/",$I58),""),"") -> https://ltm810:8443/trust810/bes_cre_im008_notification_message_management
A59: 49 | B59: v510 | C59: Internal Application Zone | D59: trust | E59: ="k8s-"&D59 -> k8s-trust | F59: =IF(D59="dmz","trust","dmz") -> dmz | G59: 31309 | H59: 32309 | I59: bes_cre_im009_notification_processor | J59: app for notification | L59: api | M59: api | O59: api | P59: api | Q59: Pulsar | R59: rest_api | S59: =IF(LEN(B59)>0,IF(ISNUMBER(FIND("api",CONCATENATE(L59,M59))),CONCATENATE("http://ltm",MID(B59,2,15),":8000/",D59,MID(B59,2,15),"/",$I59),""),"") -> http://ltm510:8000/trust510/bes_cre_im009_notification_processor | T59: =IF(LEN(B59)>0,IF(ISNUMBER(FIND("api",CONCATENATE(L59,M59))),CONCATENATE("https://ltm",MID(B59,2,15),":8443/",D59,MID(B59,2,15),"/",$I59),""),"") -> https://ltm510:8443/trust510/bes_cre_im009_notification_processor
A60: 50 | B60: v810 | C60: External Application Zone | D60: trust | E60: ="k8s-"&D60 -> k8s-trust | F60: =IF(D60="dmz","trust","dmz") -> dmz | G60: 31309 | H60: 32309 | I60: bes_cre_im009_notification_processor | J60: app for notification | L60: api | M60: api | O60: api | P60: api | Q60: Pulsar | R60: rest_api | S60: =IF(LEN(B60)>0,IF(ISNUMBER(FIND("api",CONCATENATE(L60,M60))),CONCATENATE("http://ltm",MID(B60,2,15),":8000/",D60,MID(B60,2,15),"/",$I60),""),"") -> http://ltm810:8000/trust810/bes_cre_im009_notification_processor | T60: =IF(LEN(B60)>0,IF(ISNUMBER(FIND("api",CONCATENATE(L60,M60))),CONCATENATE("https://ltm",MID(B60,2,15),":8443/",D60,MID(B60,2,15),"/",$I60),""),"") -> https://ltm810:8443/trust810/bes_cre_im009_notification_processor
A61: 51 | B61: v510 | C61: Internal Application Zone | D61: trust | E61: ="k8s-"&D61 -> k8s-trust | F61: =IF(D61="dmz","trust","dmz") -> dmz | G61: 31310 | H61: 32310 | I61: bes_cre_im010_shortlink | J61: API for core functions | L61: api | M61: api | O61: api | P61: api | R61: rest_api | S61: =IF(LEN(B61)>0,IF(ISNUMBER(FIND("api",CONCATENATE(L61,M61))),CONCATENATE("http://ltm",MID(B61,2,15),":8000/",D61,MID(B61,2,15),"/",$I61),""),"") -> http://ltm510:8000/trust510/bes_cre_im010_shortlink | T61: =IF(LEN(B61)>0,IF(ISNUMBER(FIND("api",CONCATENATE(L61,M61))),CONCATENATE("https://ltm",MID(B61,2,15),":8443/",D61,MID(B61,2,15),"/",$I61),""),"") -> https://ltm510:8443/trust510/bes_cre_im010_shortlink
A62: 52 | B62: v810 | C62: External Application Zone | D62: trust | E62: ="k8s-"&D62 -> k8s-trust | F62: =IF(D62="dmz","trust","dmz") -> dmz | G62: 31310 | H62: 32310 | I62: bes_cre_im010_shortlink | J62: API for core functions | L62: api | M62: api | O62: api | P62: api | R62: rest_api | S62: =IF(LEN(B62)>0,IF(ISNUMBER(FIND("api",CONCATENATE(L62,M62))),CONCATENATE("http://ltm",MID(B62,2,15),":8000/",D62,MID(B62,2,15),"/",$I62),""),"") -> http://ltm810:8000/trust810/bes_cre_im010_shortlink | T62: =IF(LEN(B62)>0,IF(ISNUMBER(FIND("api",CONCATENATE(L62,M62))),CONCATENATE("https://ltm",MID(B62,2,15),":8443/",D62,MID(B62,2,15),"/",$I62),""),"") -> https://ltm810:8443/trust810/bes_cre_im010_shortlink
A63: 111 | B63: v510 | C63: Internal Application Zone | D63: trust | G63: N/A | H63: N/A | I63: bes_notification_pulsar_consumer_services | J63: app for notification | O63: api | Q63: Pulsar | R63: worker service | S63: =IF(LEN(B63)>0,IF(ISNUMBER(FIND("api",CONCATENATE(L63,M63))),CONCATENATE("http://ltm",MID(B63,2,15),":8000/",D63,MID(B63,2,15),"/",$I63),""),"") | T63: =IF(LEN(B63)>0,IF(ISNUMBER(FIND("api",CONCATENATE(L63,M63))),CONCATENATE("https://ltm",MID(B63,2,15),":8443/",D63,MID(B63,2,15),"/",$I63),""),"")
A64: 112 | B64: v510 | C64: Internal Application Zone | D64: trust | G64: N/A | H64: N/A | I64: bes_notification_push_app_services | J64: app for notification | P64: api | Q64: Pulsar | R64: worker service | S64: =IF(LEN(B64)>0,IF(ISNUMBER(FIND("api",CONCATENATE(L64,M64))),CONCATENATE("http://ltm",MID(B64,2,15),":8000/",D64,MID(B64,2,15),"/",$I64),""),"") | T64: =IF(LEN(B64)>0,IF(ISNUMBER(FIND("api",CONCATENATE(L64,M64))),CONCATENATE("https://ltm",MID(B64,2,15),":8443/",D64,MID(B64,2,15),"/",$I64),""),"")
A65: 113 | B65: v510 | C65: Internal Application Zone | D65: trust | G65: N/A | H65: N/A | I65: bes_notification_push_email_services | J65: app for notification | O65: api | Q65: Pulsar | R65: worker service | S65: =IF(LEN(B65)>0,IF(ISNUMBER(FIND("api",CONCATENATE(L65,M65))),CONCATENATE("http://ltm",MID(B65,2,15),":8000/",D65,MID(B65,2,15),"/",$I65),""),"") | T65: =IF(LEN(B65)>0,IF(ISNUMBER(FIND("api",CONCATENATE(L65,M65))),CONCATENATE("https://ltm",MID(B65,2,15),":8443/",D65,MID(B65,2,15),"/",$I65),""),"")
A66: 114 | B66: v510 | C66: Internal Application Zone | D66: trust | G66: N/A | H66: N/A | I66: bes_notification_push_sms_services | J66: app for notification | P66: api | Q66: Pulsar | R66: worker service | S66: =IF(LEN(B66)>0,IF(ISNUMBER(FIND("api",CONCATENATE(L66,M66))),CONCATENATE("http://ltm",MID(B66,2,15),":8000/",D66,MID(B66,2,15),"/",$I66),""),"") | T66: =IF(LEN(B66)>0,IF(ISNUMBER(FIND("api",CONCATENATE(L66,M66))),CONCATENATE("https://ltm",MID(B66,2,15),":8443/",D66,MID(B66,2,15),"/",$I66),""),"")
A67: 115 | B67: v510 | C67: Internal Application Zone | D67: trust | G67: N/A | H67: N/A | I67: bes_send_schedule_notification_services | J67: app for notification | O67: api | Q67: Pulsar | R67: worker service | S67: =IF(LEN(B67)>0,IF(ISNUMBER(FIND("api",CONCATENATE(L67,M67))),CONCATENATE("http://ltm",MID(B67,2,15),":8000/",D67,MID(B67,2,15),"/",$I67),""),"") | T67: =IF(LEN(B67)>0,IF(ISNUMBER(FIND("api",CONCATENATE(L67,M67))),CONCATENATE("https://ltm",MID(B67,2,15),":8443/",D67,MID(B67,2,15),"/",$I67),""),"")
A68: 53 | B68: v510 | C68: Internal Application Zone | D68: trust | E68: ="k8s-"&D68 -> k8s-trust | F68: =IF(D68="dmz","trust","dmz") -> dmz | G68: 31312 | H68: 32312 | I68: bes_das_im001_general | J68: API for DAS functions | L68: api | M68: api | O68: api | P68: api | R68: rest_api | S68: =IF(LEN(B68)>0,IF(ISNUMBER(FIND("api",CONCATENATE(L68,M68))),CONCATENATE("http://ltm",MID(B68,2,15),":8000/",D68,MID(B68,2,15),"/",$I68),""),"") -> http://ltm510:8000/trust510/bes_das_im001_general | T68: =IF(LEN(B68)>0,IF(ISNUMBER(FIND("api",CONCATENATE(L68,M68))),CONCATENATE("https://ltm",MID(B68,2,15),":8443/",D68,MID(B68,2,15),"/",$I68),""),"") -> https://ltm510:8443/trust510/bes_das_im001_general
A69: 54 | B69: v510 | C69: Internal Application Zone | D69: trust | E69: ="k8s-"&D69 -> k8s-trust | F69: =IF(D69="dmz","trust","dmz") -> dmz | G69: 31313 | H69: 32313 | I69: bes_tsp_misc | J69: TSP interface processor | L69: api | M69: api | O69: api | P69: api | R69: rest_api | S69: =IF(LEN(B69)>0,IF(ISNUMBER(FIND("api",CONCATENATE(L69,M69))),CONCATENATE("http://ltm",MID(B69,2,15),":8000/",D69,MID(B69,2,15),"/",$I69),""),"") -> http://ltm510:8000/trust510/bes_tsp_misc | T69: =IF(LEN(B69)>0,IF(ISNUMBER(FIND("api",CONCATENATE(L69,M69))),CONCATENATE("https://ltm",MID(B69,2,15),":8443/",D69,MID(B69,2,15),"/",$I69),""),"") -> https://ltm510:8443/trust510/bes_tsp_misc
A70: 56 | B70: v510 | C70: Internal Application Zone | D70: trust | E70: ="k8s-"&D70 -> k8s-trust | F70: =IF(D70="dmz","trust","dmz") -> dmz | G70: 31315 | H70: 32315 | I70: bes_validv | J70: Valid V processor | L70: api | M70: api | O70: api | P70: api | R70: rest_api | S70: =IF(LEN(B70)>0,IF(ISNUMBER(FIND("api",CONCATENATE(L70,M70))),CONCATENATE("http://ltm",MID(B70,2,15),":8000/",D70,MID(B70,2,15),"/",$I70),""),"") -> http://ltm510:8000/trust510/bes_validv | T70: =IF(LEN(B70)>0,IF(ISNUMBER(FIND("api",CONCATENATE(L70,M70))),CONCATENATE("https://ltm",MID(B70,2,15),":8443/",D70,MID(B70,2,15),"/",$I70),""),"") -> https://ltm510:8443/trust510/bes_validv
A71: 57 | B71: v510 | C71: Internal Application Zone | D71: trust | E71: ="k8s-"&D71 -> k8s-trust | F71: =IF(D71="dmz","trust","dmz") -> dmz | G71: 31316 | H71: 32316 | I71: bes_vssd | J71: VSSD processor | L71: api | M71: api | O71: api | P71: api | R71: rest_api | S71: =IF(LEN(B71)>0,IF(ISNUMBER(FIND("api",CONCATENATE(L71,M71))),CONCATENATE("http://ltm",MID(B71,2,15),":8000/",D71,MID(B71,2,15),"/",$I71),""),"") -> http://ltm510:8000/trust510/bes_vssd | T71: =IF(LEN(B71)>0,IF(ISNUMBER(FIND("api",CONCATENATE(L71,M71))),CONCATENATE("https://ltm",MID(B71,2,15),":8443/",D71,MID(B71,2,15),"/",$I71),""),"") -> https://ltm510:8443/trust510/bes_vssd
A72: 58 | B72: v510 | C72: Internal Application Zone | D72: trust | E72: ="k8s-"&D72 -> k8s-trust | F72: =IF(D72="dmz","trust","dmz") -> dmz | G72: 31027 | H72: 32027 | I72: ccms_api | J72: API for CCMS Portal | L72: api | M72: api | O72: api | P72: api | R72: rest_api | S72: =IF(LEN(B72)>0,IF(ISNUMBER(FIND("api",CONCATENATE(L72,M72))),CONCATENATE("http://ltm",MID(B72,2,15),":8000/",D72,MID(B72,2,15),"/",$I72),""),"") -> http://ltm510:8000/trust510/ccms_api | T72: =IF(LEN(B72)>0,IF(ISNUMBER(FIND("api",CONCATENATE(L72,M72))),CONCATENATE("https://ltm",MID(B72,2,15),":8443/",D72,MID(B72,2,15),"/",$I72),""),"") -> https://ltm510:8443/trust510/ccms_api
A73: 59 | B73: v510 | C73: Internal Application Zone | D73: trust | E73: ="k8s-"&D73 -> k8s-trust | F73: =IF(D73="dmz","trust","dmz") -> dmz | G73: 31015 | H73: 32015 | I73: central_db_services_accmgt | J73: Account management to db connection | L73: api | O73: api | R73: rest_api | S73: =IF(LEN(B73)>0,IF(ISNUMBER(FIND("api",CONCATENATE(L73,M73))),CONCATENATE("http://ltm",MID(B73,2,15),":8000/",D73,MID(B73,2,15),"/",$I73),""),"") -> http://ltm510:8000/trust510/central_db_services_accmgt | T73: =IF(LEN(B73)>0,IF(ISNUMBER(FIND("api",CONCATENATE(L73,M73))),CONCATENATE("https://ltm",MID(B73,2,15),":8443/",D73,MID(B73,2,15),"/",$I73),""),"") -> https://ltm510:8443/trust510/central_db_services_accmgt
A74: 60 | B74: v510 | C74: Internal Application Zone | D74: trust | E74: ="k8s-"&D74 -> k8s-trust | F74: =IF(D74="dmz","trust","dmz") -> dmz | G74: 31017 | H74: 32017 | I74: central_db_services_ccms | J74: CCMS to db connection | L74: api | O74: api | R74: rest_api | S74: =IF(LEN(B74)>0,IF(ISNUMBER(FIND("api",CONCATENATE(L74,M74))),CONCATENATE("http://ltm",MID(B74,2,15),":8000/",D74,MID(B74,2,15),"/",$I74),""),"") -> http://ltm510:8000/trust510/central_db_services_ccms | T74: =IF(LEN(B74)>0,IF(ISNUMBER(FIND("api",CONCATENATE(L74,M74))),CONCATENATE("https://ltm",MID(B74,2,15),":8443/",D74,MID(B74,2,15),"/",$I74),""),"") -> https://ltm510:8443/trust510/central_db_services_ccms
A75: 61 | B75: v510 | C75: Internal Application Zone | D75: trust | E75: ="k8s-"&D75 -> k8s-trust | F75: =IF(D75="dmz","trust","dmz") -> dmz | G75: 31016 | H75: 32016 | I75: central_db_services_core | J75: Core to db connection | L75: api | O75: api | R75: rest_api | S75: =IF(LEN(B75)>0,IF(ISNUMBER(FIND("api",CONCATENATE(L75,M75))),CONCATENATE("http://ltm",MID(B75,2,15),":8000/",D75,MID(B75,2,15),"/",$I75),""),"") -> http://ltm510:8000/trust510/central_db_services_core | T75: =IF(LEN(B75)>0,IF(ISNUMBER(FIND("api",CONCATENATE(L75,M75))),CONCATENATE("https://ltm",MID(B75,2,15),":8443/",D75,MID(B75,2,15),"/",$I75),""),"") -> https://ltm510:8443/trust510/central_db_services_core
A76: 62 | B76: v810 | C76: External Application Zone | D76: trust | E76: ="k8s-"&D76 -> k8s-trust | F76: =IF(D76="dmz","trust","dmz") -> dmz | G76: 31016 | H76: 32016 | I76: central_db_services_core | J76: Core to db connection | L76: api | O76: api | R76: rest_api | S76: =IF(LEN(B76)>0,IF(ISNUMBER(FIND("api",CONCATENATE(L76,M76))),CONCATENATE("http://ltm",MID(B76,2,15),":8000/",D76,MID(B76,2,15),"/",$I76),""),"") -> http://ltm810:8000/trust810/central_db_services_core | T76: =IF(LEN(B76)>0,IF(ISNUMBER(FIND("api",CONCATENATE(L76,M76))),CONCATENATE("https://ltm",MID(B76,2,15),":8443/",D76,MID(B76,2,15),"/",$I76),""),"") -> https://ltm810:8443/trust810/central_db_services_core
A77: 63 | B77: v510 | C77: Internal Application Zone | D77: trust | E77: ="k8s-"&D77 -> k8s-trust | F77: =IF(D77="dmz","trust","dmz") -> dmz | G77: 31018 | H77: 32018 | I77: central_db_services_ecms | J77: ECMS to db connection | L77: api | O77: api | R77: rest_api | S77: =IF(LEN(B77)>0,IF(ISNUMBER(FIND("api",CONCATENATE(L77,M77))),CONCATENATE("http://ltm",MID(B77,2,15),":8000/",D77,MID(B77,2,15),"/",$I77),""),"") -> http://ltm510:8000/trust510/central_db_services_ecms | T77: =IF(LEN(B77)>0,IF(ISNUMBER(FIND("api",CONCATENATE(L77,M77))),CONCATENATE("https://ltm",MID(B77,2,15),":8443/",D77,MID(B77,2,15),"/",$I77),""),"") -> https://ltm510:8443/trust510/central_db_services_ecms
A78: 107 | B78: v510 | C78: Internal Application Zone | D78: trust | E78: ="k8s-"&D78 -> k8s-trust | F78: =IF(D78="dmz","trust","dmz") -> dmz | G78: 31219 | H78: 32219 | I78: central_db_services_das | J78: DAS to db connection | L78: api | O78: api | R78: rest_api | S78: =IF(LEN(B78)>0,IF(ISNUMBER(FIND("api",CONCATENATE(L78,M78))),CONCATENATE("http://ltm",MID(B78,2,15),":8000/",D78,MID(B78,2,15),"/",$I78),""),"") -> http://ltm510:8000/trust510/central_db_services_das | T78: =IF(LEN(B78)>0,IF(ISNUMBER(FIND("api",CONCATENATE(L78,M78))),CONCATENATE("https://ltm",MID(B78,2,15),":8443/",D78,MID(B78,2,15),"/",$I78),""),"") -> https://ltm510:8443/trust510/central_db_services_das
A79: 64 | B79: v510 | C79: Internal Application Zone | D79: trust | E79: ="k8s-"&D79 -> k8s-trust | F79: =IF(D79="dmz","trust","dmz") -> dmz | G79: 31317 | H79: 32317 | I79: conf_setting | J79: Configuration Setting | L79: api | M79: api | O79: api | P79: api | R79: rest_api | S79: =IF(LEN(B79)>0,IF(ISNUMBER(FIND("api",CONCATENATE(L79,M79))),CONCATENATE("http://ltm",MID(B79,2,15),":8000/",D79,MID(B79,2,15),"/",$I79),""),"") -> http://ltm510:8000/trust510/conf_setting | T79: =IF(LEN(B79)>0,IF(ISNUMBER(FIND("api",CONCATENATE(L79,M79))),CONCATENATE("https://ltm",MID(B79,2,15),":8443/",D79,MID(B79,2,15),"/",$I79),""),"") -> https://ltm510:8443/trust510/conf_setting
A80: 65 | B80: v510 | C80: Internal Application Zone | D80: trust | E80: ="k8s-"&D80 -> k8s-trust | F80: =IF(D80="dmz","trust","dmz") -> dmz | G80: N/A | H80: N/A | I80: das_data_consumer | J80: MQ consumer for DAS | O80: api | Q80: Pulsar | R80: worker service | S80: =IF(LEN(B80)>0,IF(ISNUMBER(FIND("api",CONCATENATE(L80,M80))),CONCATENATE("http://ltm",MID(B80,2,15),":8000/",D80,MID(B80,2,15),"/",$I80),""),"") | T80: =IF(LEN(B80)>0,IF(ISNUMBER(FIND("api",CONCATENATE(L80,M80))),CONCATENATE("https://ltm",MID(B80,2,15),":8443/",D80,MID(B80,2,15),"/",$I80),""),"")
A81: 66 | B81: v510 | C81: Internal Application Zone | D81: trust | E81: ="k8s-"&D81 -> k8s-trust | F81: =IF(D81="dmz","trust","dmz") -> dmz | G81: N/A | H81: N/A | I81: das_evidence_record_consumer | J81: MQ consumer for DAS (evidence specific) | O81: api | Q81: Pulsar, Object Storage | R81: worker service | S81: =IF(LEN(B81)>0,IF(ISNUMBER(FIND("api",CONCATENATE(L81,M81))),CONCATENATE("http://ltm",MID(B81,2,15),":8000/",D81,MID(B81,2,15),"/",$I81),""),"") | T81: =IF(LEN(B81)>0,IF(ISNUMBER(FIND("api",CONCATENATE(L81,M81))),CONCATENATE("https://ltm",MID(B81,2,15),":8443/",D81,MID(B81,2,15),"/",$I81),""),"")
A82: 67 | B82: v510 | C82: Internal Application Zone | D82: trust | E82: ="k8s-"&D82 -> k8s-trust | F82: =IF(D82="dmz","trust","dmz") -> dmz | G82: N/A | H82: N/A | I82: das_transaction_record_consumer | J82: MQ consumer for DAS (transaction specific) | O82: api | Q82: Pulsar | R82: worker service | S82: =IF(LEN(B82)>0,IF(ISNUMBER(FIND("api",CONCATENATE(L82,M82))),CONCATENATE("http://ltm",MID(B82,2,15),":8000/",D82,MID(B82,2,15),"/",$I82),""),"") | T82: =IF(LEN(B82)>0,IF(ISNUMBER(FIND("api",CONCATENATE(L82,M82))),CONCATENATE("https://ltm",MID(B82,2,15),":8443/",D82,MID(B82,2,15),"/",$I82),""),"")
A83: 108 | B83: v510 | C83: Internal Application Zone | D83: trust | E83: ="k8s-"&D83 -> k8s-trust | F83: =IF(D83="dmz","trust","dmz") -> dmz | G83: 31218 | H83: 32218 | I83: das_evid_api | J83: API for DAS functions | L83: api | M83: api | O83: api | P83: api | Q83: Object Storage | R83: rest_api | S83: =IF(LEN(B83)>0,IF(ISNUMBER(FIND("api",CONCATENATE(L83,M83))),CONCATENATE("http://ltm",MID(B83,2,15),":8000/",D83,MID(B83,2,15),"/",$I83),""),"") -> http://ltm510:8000/trust510/das_evid_api | T83: =IF(LEN(B83)>0,IF(ISNUMBER(FIND("api",CONCATENATE(L83,M83))),CONCATENATE("https://ltm",MID(B83,2,15),":8443/",D83,MID(B83,2,15),"/",$I83),""),"") -> https://ltm510:8443/trust510/das_evid_api
A84: 68 | B84: v510 | C84: Internal Application Zone | D84: trust | E84: ="k8s-"&D84 -> k8s-trust | F84: =IF(D84="dmz","trust","dmz") -> dmz | G84: 31014 | H84: 32014 | I84: ecms_api | J84: API for ECMS portal | M84: api | O84: api | P84: api | Q84: Object Storage | R84: rest_api | S84: =IF(LEN(B84)>0,IF(ISNUMBER(FIND("api",CONCATENATE(L84,M84))),CONCATENATE("http://ltm",MID(B84,2,15),":8000/",D84,MID(B84,2,15),"/",$I84),""),"") -> http://ltm510:8000/trust510/ecms_api | T84: =IF(LEN(B84)>0,IF(ISNUMBER(FIND("api",CONCATENATE(L84,M84))),CONCATENATE("https://ltm",MID(B84,2,15),":8443/",D84,MID(B84,2,15),"/",$I84),""),"") -> https://ltm510:8443/trust510/ecms_api
A85: 69 | B85: v510 | C85: Internal Application Zone | D85: trust | E85: ="k8s-"&D85 -> k8s-trust | F85: =IF(D85="dmz","trust","dmz") -> dmz | G85: 31024 | H85: N/A | I85: secondocr_webapi | J85: Second OCR API | L85: api | O85: api | Q85: Object Storage | R85: rest_api | S85: =IF(LEN(B85)>0,IF(ISNUMBER(FIND("api",CONCATENATE(L85,M85))),CONCATENATE("http://ltm",MID(B85,2,15),":8000/",D85,MID(B85,2,15),"/",$I85),""),"") -> http://ltm510:8000/trust510/secondocr_webapi | T85: =IF(LEN(B85)>0,IF(ISNUMBER(FIND("api",CONCATENATE(L85,M85))),CONCATENATE("https://ltm",MID(B85,2,15),":8443/",D85,MID(B85,2,15),"/",$I85),""),"") -> https://ltm510:8443/trust510/secondocr_webapi
A86: 70 | B86: v810 | C86: External Application Zone | D86: trust | E86: ="k8s-"&D86 -> k8s-trust | F86: =IF(D86="dmz","trust","dmz") -> dmz | G86: 31318 | H86: 32318 | I86: statement_api | J86: Statement API | L86: api | M86: api | O86: api | P86: api | R86: rest_api | S86: =IF(LEN(B86)>0,IF(ISNUMBER(FIND("api",CONCATENATE(L86,M86))),CONCATENATE("http://ltm",MID(B86,2,15),":8000/",D86,MID(B86,2,15),"/",$I86),""),"") -> http://ltm810:8000/trust810/statement_api | T86: =IF(LEN(B86)>0,IF(ISNUMBER(FIND("api",CONCATENATE(L86,M86))),CONCATENATE("https://ltm",MID(B86,2,15),":8443/",D86,MID(B86,2,15),"/",$I86),""),"") -> https://ltm810:8443/trust810/statement_api
A87: 71 | B87: v510 | C87: Internal Application Zone | D87: trust | E87: ="k8s-"&D87 -> k8s-trust | F87: =IF(D87="dmz","trust","dmz") -> dmz | G87: 31319 | H87: 32319 | I87: toll_cal_setting | J87: Toll Calulation Setting | L87: api | M87: api | O87: api | P87: api | R87: rest_api | S87: =IF(LEN(B87)>0,IF(ISNUMBER(FIND("api",CONCATENATE(L87,M87))),CONCATENATE("http://ltm",MID(B87,2,15),":8000/",D87,MID(B87,2,15),"/",$I87),""),"") -> http://ltm510:8000/trust510/toll_cal_setting | T87: =IF(LEN(B87)>0,IF(ISNUMBER(FIND("api",CONCATENATE(L87,M87))),CONCATENATE("https://ltm",MID(B87,2,15),":8443/",D87,MID(B87,2,15),"/",$I87),""),"") -> https://ltm510:8443/trust510/toll_cal_setting
A88: 72 | B88: v511 | C88: TOMS Zone | D88: trust | E88: ="toms-"&D88 -> toms-trust | F88: =IF(D88="dmz","trust","dmz") -> dmz | G88: 31001 | H88: 32001 | I88: toms_api | J88: API for TOMS [Docker in Standalone VM] | M88: api | P88: api | R88: rest_api | S88: =IF(LEN(B88)>0,IF(ISNUMBER(FIND("api",CONCATENATE(L88,M88))),CONCATENATE("http://ltm",MID(B88,2,15),":8000/",D88,MID(B88,2,15),"/",$I88),""),"") -> http://ltm511:8000/trust511/toms_api | T88: =IF(LEN(B88)>0,IF(ISNUMBER(FIND("api",CONCATENATE(L88,M88))),CONCATENATE("https://ltm",MID(B88,2,15),":8443/",D88,MID(B88,2,15),"/",$I88),""),"") -> https://ltm511:8443/trust511/toms_api
A89: 73 | B89: v511 | C89: TOMS Zone | D89: trust | E89: ="toms-"&D89 -> toms-trust | F89: =IF(D89="dmz","trust","dmz") -> dmz | G89: 31004 | H89: 32004 | I89: toms_auth_api | J89: login API for TOMS [Docker in Standalone VM] | L89: api | M89: api | O89: api | P89: api | R89: rest_api | S89: =IF(LEN(B89)>0,IF(ISNUMBER(FIND("api",CONCATENATE(L89,M89))),CONCATENATE("http://ltm",MID(B89,2,15),":8000/",D89,MID(B89,2,15),"/",$I89),""),"") -> http://ltm511:8000/trust511/toms_auth_api | T89: =IF(LEN(B89)>0,IF(ISNUMBER(FIND("api",CONCATENATE(L89,M89))),CONCATENATE("https://ltm",MID(B89,2,15),":8443/",D89,MID(B89,2,15),"/",$I89),""),"") -> https://ltm511:8443/trust511/toms_auth_api
A90: 74 | B90: v510 | C90: Internal Application Zone | D90: trust | E90: ="k8s-"&D90 -> k8s-trust | F90: =IF(D90="dmz","trust","dmz") -> dmz | G90: 31021 | H90: 32021 | I90: tx_validation | J90: transaction validation | L90: api | O90: api | Q90: Object Storage | R90: rest_api | S90: =IF(LEN(B90)>0,IF(ISNUMBER(FIND("api",CONCATENATE(L90,M90))),CONCATENATE("http://ltm",MID(B90,2,15),":8000/",D90,MID(B90,2,15),"/",$I90),""),"") -> http://ltm510:8000/trust510/tx_validation | T90: =IF(LEN(B90)>0,IF(ISNUMBER(FIND("api",CONCATENATE(L90,M90))),CONCATENATE("https://ltm",MID(B90,2,15),":8443/",D90,MID(B90,2,15),"/",$I90),""),"") -> https://ltm510:8443/trust510/tx_validation
A91: 109 | B91: v510 | C91: Internal Application Zone | D91: trust | E91: ="k8s-"&D91 -> k8s-trust | F91: =IF(D91="dmz","trust","dmz") -> dmz | G91: 31216 | H91: 32216 | I91: validv_api | J91: API for Valid V | L91: api | M91: api | O91: api | R91: rest_api | S91: =IF(LEN(B91)>0,IF(ISNUMBER(FIND("api",CONCATENATE(L91,M91))),CONCATENATE("http://ltm",MID(B91,2,15),":8000/",D91,MID(B91,2,15),"/",$I91),""),"") -> http://ltm510:8000/trust510/validv_api | T91: =IF(LEN(B91)>0,IF(ISNUMBER(FIND("api",CONCATENATE(L91,M91))),CONCATENATE("https://ltm",MID(B91,2,15),":8443/",D91,MID(B91,2,15),"/",$I91),""),"") -> https://ltm510:8443/trust510/validv_api
A92: 110 | B92: v510 | C92: Internal Application Zone | D92: trust | E92: ="k8s-"&D92 -> k8s-trust | F92: =IF(D92="dmz","trust","dmz") -> dmz | G92: 31023 | H92: 32023 | I92: vrm_verification | J92: API for VRM Verification | L92: api | M92: api | O92: api | R92: rest_api | S92: =IF(LEN(B92)>0,IF(ISNUMBER(FIND("api",CONCATENATE(L92,M92))),CONCATENATE("http://ltm",MID(B92,2,15),":8000/",D92,MID(B92,2,15),"/",$I92),""),"") -> http://ltm510:8000/trust510/vrm_verification | T92: =IF(LEN(B92)>0,IF(ISNUMBER(FIND("api",CONCATENATE(L92,M92))),CONCATENATE("https://ltm",MID(B92,2,15),":8443/",D92,MID(B92,2,15),"/",$I92),""),"") -> https://ltm510:8443/trust510/vrm_verification
A93: Not in used | B93: v510 | C93: Internal Application Zone | D93: trust | E93: ="k8s-"&D93 -> k8s-trust | F93: =IF(D93="dmz","trust","dmz") -> dmz | G93: 31020 | H93: 32020 | I93: tag_validation | J93: <TBC, not in used> | R93: rest_api | S93: =IF(D93="dmz",IF(ISNUMBER(FIND("api",L93)),"http://trust-kong:8000/dmz/"&I93,""),IF(ISNUMBER(FIND("api",M93)),"http://dmz-kong:8000/trust/"&I93,"")) | T93: =IF(D93="dmz",IF(ISNUMBER(FIND("api",L93)),"httpss://trust-kong:8443/dmz/"&I93,""),IF(ISNUMBER(FIND("api",M93)),"httpss://dmz-kong:8443/trust/"&I93,""))
A94: Not in used | B94: v510 | C94: Internal Application Zone | D94: trust | E94: ="k8s-"&D94 -> k8s-trust | F94: =IF(D94="dmz","trust","dmz") -> dmz | G94: 31022 | H94: 32022 | I94: posted_tx_validation | J94: <TBC, not in used> | R94: rest_api | S94: =IF(D94="dmz",IF(ISNUMBER(FIND("api",L94)),"http://trust-kong:8000/dmz/"&I94,""),IF(ISNUMBER(FIND("api",M94)),"http://dmz-kong:8000/trust/"&I94,"")) | T94: =IF(D94="dmz",IF(ISNUMBER(FIND("api",L94)),"httpss://trust-kong:8443/dmz/"&I94,""),IF(ISNUMBER(FIND("api",M94)),"httpss://dmz-kong:8443/trust/"&I94,""))
A95: 120 | B95: v510 | C95: Internal Application Zone | D95: trust | G95: 31220 | H95: 32220 | I95: s3_api | J95: s3_api | L95: api | M95: api | O95: api | P95: api | R95: rest_api | S95: =IF(LEN(B95)>0,IF(ISNUMBER(FIND("api",CONCATENATE(L95,M95))),CONCATENATE("http://ltm",MID(B95,2,15),":8000/",D95,MID(B95,2,15),"/",$I95),""),"") -> http://ltm510:8000/trust510/s3_api
A96: 121 | B96: v504 | C96: DMZ (TSP) | D96: dmz | E96: ="k8s-"&D96 -> k8s-dmz | F96: =IF(D96="dmz","trust","dmz") -> trust | G96: 31050 | H96: 32050 | I96: bes_wmm2 | J96: Middleware for customer web and mobile app to call | K96: api call from TSP/Internet | L96: api | M96: api | O96: api | P96: api | R96: rest_api | S96: =IF(LEN(B96)>0,IF(ISNUMBER(FIND("api",CONCATENATE(L96,M96))),CONCATENATE("http://ltm",MID(B96,2,15),":8000/",D96,MID(B96,2,15),"/",$I96),""),"") -> http://ltm504:8000/dmz504/bes_wmm2 | T96: =IF(LEN(B96)>0,IF(ISNUMBER(FIND("api",CONCATENATE(L96,M96))),CONCATENATE("https://ltm",MID(B96,2,15),":8443/",D96,MID(B96,2,15),"/",$I96),""),"") -> https://ltm504:8443/dmz504/bes_wmm2 | U96: =IF(D96="dmz",IF(ISNUMBER(FIND("api",K96)),CONCATENATE("http://",B96,".bes_ext_api:8000/",D96,MID(B96,2,15),"/",I96,""),""),"") -> http://v504.bes_ext_api:8000/dmz504/bes_wmm2 | V96: =IF(D96="dmz",IF(ISNUMBER(FIND("api",K96)),CONCATENATE("https://",B96,".bes_ext_api:8443/",D96,MID(B96,2,15),"/",I96,""),""),"") -> https://v504.bes_ext_api:8443/dmz504/bes_wmm2
A97: 122 | B97: v804 | C97: DMZ (Internet) | D97: dmz | E97: ="k8s-"&D97 -> k8s-dmz | F97: =IF(D97="dmz","trust","dmz") -> trust | G97: 31050 | H97: 32050 | I97: bes_wmm2 | J97: Middleware for customer web and mobile app to call | K97: api call from TSP/Internet | L97: api | M97: api | O97: api | P97: api | R97: rest_api | S97: =IF(LEN(B97)>0,IF(ISNUMBER(FIND("api",CONCATENATE(L97,M97))),CONCATENATE("http://ltm",MID(B97,2,15),":8000/",D97,MID(B97,2,15),"/",$I97),""),"") -> http://ltm804:8000/dmz804/bes_wmm2 | T97: =IF(LEN(B97)>0,IF(ISNUMBER(FIND("api",CONCATENATE(L97,M97))),CONCATENATE("https://ltm",MID(B97,2,15),":8443/",D97,MID(B97,2,15),"/",$I97),""),"") -> https://ltm804:8443/dmz804/bes_wmm2 | U97: =IF(D97="dmz",IF(ISNUMBER(FIND("api",K97)),CONCATENATE("http://",B97,".bes_ext_api:8000/",D97,MID(B97,2,15),"/",I97,""),""),"") -> http://v804.bes_ext_api:8000/dmz804/bes_wmm2 | V97: =IF(D97="dmz",IF(ISNUMBER(FIND("api",K97)),CONCATENATE("https://",B97,".bes_ext_api:8443/",D97,MID(B97,2,15),"/",I97,""),""),"") -> https://v804.bes_ext_api:8443/dmz804/bes_wmm2
A98: 136 | B98: v504 | C98: DMZ (TSP) | D98: dmz | G98: 31082 | H98: 32082 | I98: bes_ttis | J98: TTIS middleware | K98: api call from TSP | L98: api | N98: api call TSP TTIS | O98: api | R98: rest_api | S98: =IF(LEN(B98)>0,IF(ISNUMBER(FIND("api",CONCATENATE(L98,M98))),CONCATENATE("http://ltm",MID(B98,2,15),":8000/",D98,MID(B98,2,15),"/",$I98),""),"") -> http://ltm504:8000/dmz504/bes_ttis | T98: =IF(LEN(B98)>0,IF(ISNUMBER(FIND("api",CONCATENATE(L98,M98))),CONCATENATE("https://ltm",MID(B98,2,15),":8443/",D98,MID(B98,2,15),"/",$I98),""),"") -> https://ltm504:8443/dmz504/bes_ttis | U98: =IF(D98="dmz",IF(ISNUMBER(FIND("api",K98)),CONCATENATE("http://",B98,".bes_ext_api:8000/",D98,MID(B98,2,15),"/",I98,""),""),"") -> http://v504.bes_ext_api:8000/dmz504/bes_ttis | V98: =IF(D98="dmz",IF(ISNUMBER(FIND("api",K98)),CONCATENATE("https://",B98,".bes_ext_api:8443/",D98,MID(B98,2,15),"/",I98,""),""),"") -> https://v504.bes_ext_api:8443/dmz504/bes_ttis
A99: 139 | B99: v504 | C99: DMZ (TSP) | D99: dmz | G99: 31032 | H99: 32032 | I99: bes_tsp | J99: TSP middleware | K99: api call from TSP | L99: api | M99: api | N99: api call TSP TTIS | O99: api | P99: api | R99: rest_api | S99: =IF(LEN(B99)>0,IF(ISNUMBER(FIND("api",CONCATENATE(L99,M99))),CONCATENATE("http://ltm",MID(B99,2,15),":8000/",D99,MID(B99,2,15),"/",$I99),""),"") -> http://ltm504:8000/dmz504/bes_tsp | T99: =IF(LEN(B99)>0,IF(ISNUMBER(FIND("api",CONCATENATE(L99,M99))),CONCATENATE("https://ltm",MID(B99,2,15),":8443/",D99,MID(B99,2,15),"/",$I99),""),"") -> https://ltm504:8443/dmz504/bes_tsp
A100: 133 | B100: v630 | C100: DMZ (DAS) | D100: dmz | G100: 31052 | H100: 32052 | I100: das_middleware_load_test | L100: api | M100: api | O100: api | P100: api | R100: rest_api | S100: =IF(LEN(B100)>0,IF(ISNUMBER(FIND("api",CONCATENATE(L100,M100))),CONCATENATE("http://ltm",MID(B100,2,15),":8000/",D100,MID(B100,2,15),"/",$I100),""),"") -> http://ltm630:8000/dmz630/das_middleware_load_test | T100: =IF(LEN(B100)>0,IF(ISNUMBER(FIND("api",CONCATENATE(L100,M100))),CONCATENATE("https://ltm",MID(B100,2,15),":8443/",D100,MID(B100,2,15),"/",$I100),""),"") -> https://ltm630:8443/dmz630/das_middleware_load_test | U100: =IF(D100="dmz",IF(ISNUMBER(FIND("api",K100)),CONCATENATE("http://",B100,".bes_ext_api:8000/",D100,MID(B100,2,15),"/",I100,""),""),"") | V100: =IF(D100="dmz",IF(ISNUMBER(FIND("api",K100)),CONCATENATE("https://",B100,".bes_ext_api:8443/",D100,MID(B100,2,15),"/",I100,""),""),"")
A101: 134 | B101: v630 | C101: DMZ (DAS) | D101: dmz | G101: 31053 | H101: 32053 | I101: das_middleware_load_test_2 | L101: api | M101: api | O101: api | P101: api | R101: rest_api | S101: =IF(LEN(B101)>0,IF(ISNUMBER(FIND("api",CONCATENATE(L101,M101))),CONCATENATE("http://ltm",MID(B101,2,15),":8000/",D101,MID(B101,2,15),"/",$I101),""),"") -> http://ltm630:8000/dmz630/das_middleware_load_test_2 | T101: =IF(LEN(B101)>0,IF(ISNUMBER(FIND("api",CONCATENATE(L101,M101))),CONCATENATE("https://ltm",MID(B101,2,15),":8443/",D101,MID(B101,2,15),"/",$I101),""),"") -> https://ltm630:8443/dmz630/das_middleware_load_test_2 | U101: =IF(D101="dmz",IF(ISNUMBER(FIND("api",K101)),CONCATENATE("http://",B101,".bes_ext_api:8000/",D101,MID(B101,2,15),"/",I101,""),""),"") | V101: =IF(D101="dmz",IF(ISNUMBER(FIND("api",K101)),CONCATENATE("https://",B101,".bes_ext_api:8443/",D101,MID(B101,2,15),"/",I101,""),""),"")
A102: 135 | B102: v630 | C102: DMZ (DAS) | D102: dmz | G102: 31054 | H102: 32054 | I102: das_middleware_load_test_3 | L102: api | M102: api | O102: api | P102: api | R102: rest_api | S102: =IF(LEN(B102)>0,IF(ISNUMBER(FIND("api",CONCATENATE(L102,M102))),CONCATENATE("http://ltm",MID(B102,2,15),":8000/",D102,MID(B102,2,15),"/",$I102),""),"") -> http://ltm630:8000/dmz630/das_middleware_load_test_3 | T102: =IF(LEN(B102)>0,IF(ISNUMBER(FIND("api",CONCATENATE(L102,M102))),CONCATENATE("https://ltm",MID(B102,2,15),":8443/",D102,MID(B102,2,15),"/",$I102),""),"") -> https://ltm630:8443/dmz630/das_middleware_load_test_3 | U102: =IF(D102="dmz",IF(ISNUMBER(FIND("api",K102)),CONCATENATE("http://",B102,".bes_ext_api:8000/",D102,MID(B102,2,15),"/",I102,""),""),"") | V102: =IF(D102="dmz",IF(ISNUMBER(FIND("api",K102)),CONCATENATE("https://",B102,".bes_ext_api:8443/",D102,MID(B102,2,15),"/",I102,""),""),"")
A103: 137 | B103: v630 | C103: DMZ (DAS) | D103: dmz | G103: 31055 | H103: 32055 | I103: das_middleware_load_test_4 | L103: api | M103: api | O103: api | P103: api | R103: rest_api | S103: =IF(LEN(B103)>0,IF(ISNUMBER(FIND("api",CONCATENATE(L103,M103))),CONCATENATE("http://ltm",MID(B103,2,15),":8000/",D103,MID(B103,2,15),"/",$I103),""),"") -> http://ltm630:8000/dmz630/das_middleware_load_test_4 | T103: =IF(LEN(B103)>0,IF(ISNUMBER(FIND("api",CONCATENATE(L103,M103))),CONCATENATE("https://ltm",MID(B103,2,15),":8443/",D103,MID(B103,2,15),"/",$I103),""),"") -> https://ltm630:8443/dmz630/das_middleware_load_test_4 | U103: =IF(D103="dmz",IF(ISNUMBER(FIND("api",K103)),CONCATENATE("http://",B103,".bes_ext_api:8000/",D103,MID(B103,2,15),"/",I103,""),""),"") | V103: =IF(D103="dmz",IF(ISNUMBER(FIND("api",K103)),CONCATENATE("https://",B103,".bes_ext_api:8443/",D103,MID(B103,2,15),"/",I103,""),""),"")
A104: 138 | B104: v630 | C104: DMZ (DAS) | D104: dmz | G104: 31056 | H104: 32056 | I104: das_middleware_load_test_5 | L104: api | M104: api | O104: api | P104: api | R104: rest_api | S104: =IF(LEN(B104)>0,IF(ISNUMBER(FIND("api",CONCATENATE(L104,M104))),CONCATENATE("http://ltm",MID(B104,2,15),":8000/",D104,MID(B104,2,15),"/",$I104),""),"") -> http://ltm630:8000/dmz630/das_middleware_load_test_5 | T104: =IF(LEN(B104)>0,IF(ISNUMBER(FIND("api",CONCATENATE(L104,M104))),CONCATENATE("https://ltm",MID(B104,2,15),":8443/",D104,MID(B104,2,15),"/",$I104),""),"") -> https://ltm630:8443/dmz630/das_middleware_load_test_5 | U104: =IF(D104="dmz",IF(ISNUMBER(FIND("api",K104)),CONCATENATE("http://",B104,".bes_ext_api:8000/",D104,MID(B104,2,15),"/",I104,""),""),"") | V104: =IF(D104="dmz",IF(ISNUMBER(FIND("api",K104)),CONCATENATE("https://",B104,".bes_ext_api:8443/",D104,MID(B104,2,15),"/",I104,""),""),"")
A105: 139 | B105: v630 | C105: DMZ (DAS) | D105: dmz | G105: 31114 | H105: 32114 | I105: das_middleware_lrt | L105: api | M105: api | O105: api | P105: api | R105: rest_api | S105: =IF(LEN(B105)>0,IF(ISNUMBER(FIND("api",CONCATENATE(L105,M105))),CONCATENATE("http://ltm",MID(B105,2,15),":8000/",D105,MID(B105,2,15),"/",$I105),""),"") -> http://ltm630:8000/dmz630/das_middleware_lrt | T105: =IF(LEN(B105)>0,IF(ISNUMBER(FIND("api",CONCATENATE(L105,M105))),CONCATENATE("https://ltm",MID(B105,2,15),":8443/",D105,MID(B105,2,15),"/",$I105),""),"") -> https://ltm630:8443/dmz630/das_middleware_lrt | U105: =IF(D105="dmz",IF(ISNUMBER(FIND("api",K105)),CONCATENATE("http://",B105,".bes_ext_api:8000/",D105,MID(B105,2,15),"/",I105,""),""),"") | V105: =IF(D105="dmz",IF(ISNUMBER(FIND("api",K105)),CONCATENATE("https://",B105,".bes_ext_api:8443/",D105,MID(B105,2,15),"/",I105,""),""),"")
A106: 140 | B106: v630 | C106: DMZ (DAS) | D106: dmz | G106: 31115 | H106: 32115 | I106: das_middleware_smt | L106: api | M106: api | O106: api | P106: api | R106: rest_api | S106: =IF(LEN(B106)>0,IF(ISNUMBER(FIND("api",CONCATENATE(L106,M106))),CONCATENATE("http://ltm",MID(B106,2,15),":8000/",D106,MID(B106,2,15),"/",$I106),""),"") -> http://ltm630:8000/dmz630/das_middleware_smt | T106: =IF(LEN(B106)>0,IF(ISNUMBER(FIND("api",CONCATENATE(L106,M106))),CONCATENATE("https://ltm",MID(B106,2,15),":8443/",D106,MID(B106,2,15),"/",$I106),""),"") -> https://ltm630:8443/dmz630/das_middleware_smt | U106: =IF(D106="dmz",IF(ISNUMBER(FIND("api",K106)),CONCATENATE("http://",B106,".bes_ext_api:8000/",D106,MID(B106,2,15),"/",I106,""),""),"") | V106: =IF(D106="dmz",IF(ISNUMBER(FIND("api",K106)),CONCATENATE("https://",B106,".bes_ext_api:8443/",D106,MID(B106,2,15),"/",I106,""),""),"")
A107: 141 | B107: v630 | C107: DMZ (DAS) | D107: dmz | G107: 31124 | H107: 32124 | I107: das_middleware_lrt_video | L107: api | M107: api | O107: api | P107: api | R107: rest_api | S107: =IF(LEN(B107)>0,IF(ISNUMBER(FIND("api",CONCATENATE(L107,M107))),CONCATENATE("http://ltm",MID(B107,2,15),":8000/",D107,MID(B107,2,15),"/",$I107),""),"") -> http://ltm630:8000/dmz630/das_middleware_lrt_video | T107: =IF(LEN(B107)>0,IF(ISNUMBER(FIND("api",CONCATENATE(L107,M107))),CONCATENATE("https://ltm",MID(B107,2,15),":8443/",D107,MID(B107,2,15),"/",$I107),""),"") -> https://ltm630:8443/dmz630/das_middleware_lrt_video | U107: =IF(D107="dmz",IF(ISNUMBER(FIND("api",K107)),CONCATENATE("http://",B107,".bes_ext_api:8000/",D107,MID(B107,2,15),"/",I107,""),""),"") | V107: =IF(D107="dmz",IF(ISNUMBER(FIND("api",K107)),CONCATENATE("https://",B107,".bes_ext_api:8443/",D107,MID(B107,2,15),"/",I107,""),""),"")
A108: 142 | B108: v630 | C108: DMZ (DAS) | D108: dmz | G108: 31125 | H108: 32125 | I108: das_middleware_smt_video | L108: api | M108: api | O108: api | P108: api | R108: rest_api | S108: =IF(LEN(B108)>0,IF(ISNUMBER(FIND("api",CONCATENATE(L108,M108))),CONCATENATE("http://ltm",MID(B108,2,15),":8000/",D108,MID(B108,2,15),"/",$I108),""),"") -> http://ltm630:8000/dmz630/das_middleware_smt_video | T108: =IF(LEN(B108)>0,IF(ISNUMBER(FIND("api",CONCATENATE(L108,M108))),CONCATENATE("https://ltm",MID(B108,2,15),":8443/",D108,MID(B108,2,15),"/",$I108),""),"") -> https://ltm630:8443/dmz630/das_middleware_smt_video | U108: =IF(D108="dmz",IF(ISNUMBER(FIND("api",K108)),CONCATENATE("http://",B108,".bes_ext_api:8000/",D108,MID(B108,2,15),"/",I108,""),""),"") | V108: =IF(D108="dmz",IF(ISNUMBER(FIND("api",K108)),CONCATENATE("https://",B108,".bes_ext_api:8443/",D108,MID(B108,2,15),"/",I108,""),""),"")
A109: 143 | B109: v630 | C109: DMZ (DAS) | D109: dmz | E109: ="k8s-"&D109 -> k8s-dmz | F109: =IF(D109="dmz","trust","dmz") -> trust | G109: 31129 | H109: 32129 | I109: das_middleware_video | J109: DAS middleware for video | K109: api call from DAS | L109: api | N109: api call DAS API for Video | O109: api | Q109: Pulsar, Object Storage | R109: rest_api | S109: =IF(LEN(B109)>0,IF(ISNUMBER(FIND("api",CONCATENATE(L109,M109))),CONCATENATE("http://ltm",MID(B109,2,15),":8000/",D109,MID(B109,2,15),"/",$I109),""),"") -> http://ltm630:8000/dmz630/das_middleware_video | T109: =IF(LEN(B109)>0,IF(ISNUMBER(FIND("api",CONCATENATE(L109,M109))),CONCATENATE("https://ltm",MID(B109,2,15),":8443/",D109,MID(B109,2,15),"/",$I109),""),"") -> https://ltm630:8443/dmz630/das_middleware_video | U109: =IF(D109="dmz",IF(ISNUMBER(FIND("api",K109)),CONCATENATE("http://",B109,".bes_ext_api:8000/",D109,MID(B109,2,15),"/",I109,""),""),"") -> http://v630.bes_ext_api:8000/dmz630/das_middleware_video | V109: =IF(D109="dmz",IF(ISNUMBER(FIND("api",K109)),CONCATENATE("https://",B109,".bes_ext_api:8443/",D109,MID(B109,2,15),"/",I109,""),""),"") -> https://v630.bes_ext_api:8443/dmz630/das_middleware_video
A110: 144 | B110: v910 | C110: DMZ (DAS) | D110: trust | G110: 31313 | H110: 32313 | I110: ccs_api | L110: api | M110: api | O110: api | P110: api | R110: rest_api | S110: =IF(LEN(B110)>0,IF(ISNUMBER(FIND("api",CONCATENATE(L110,M110))),CONCATENATE("http://ltm",MID(B110,2,15),":8000/",D110,MID(B110,2,15),"/",$I110),""),"") -> http://ltm910:8000/trust910/ccs_api | T110: =IF(LEN(B110)>0,IF(ISNUMBER(FIND("api",CONCATENATE(L110,M110))),CONCATENATE("https://ltm",MID(B110,2,15),":8443/",D110,MID(B110,2,15),"/",$I110),""),"") -> https://ltm910:8443/trust910/ccs_api | U110: =IF(D110="dmz",IF(ISNUMBER(FIND("api",K110)),CONCATENATE("http://",B110,".bes_ext_api:8000/",D110,MID(B110,2,15),"/",I110,""),""),"") | V110: =IF(D110="dmz",IF(ISNUMBER(FIND("api",K110)),CONCATENATE("https://",B110,".bes_ext_api:8443/",D110,MID(B110,2,15),"/",I110,""),""),"") | W110: https://172.16.150.71:8443/dmz631/das_video
A111: 145 | B111: v630 | C111: DMZ (DAS) | D111: dmz | G111: 31112 | H111: 32112 | I111: das_middleware_cht | L111: api | M111: api | O111: api | P111: api | R111: rest_api | S111: =IF(LEN(B111)>0,IF(ISNUMBER(FIND("api",CONCATENATE(L111,M111))),CONCATENATE("http://ltm",MID(B111,2,15),":8000/",D111,MID(B111,2,15),"/",$I111),""),"") -> http://ltm630:8000/dmz630/das_middleware_cht | T111: =IF(LEN(B111)>0,IF(ISNUMBER(FIND("api",CONCATENATE(L111,M111))),CONCATENATE("https://ltm",MID(B111,2,15),":8443/",D111,MID(B111,2,15),"/",$I111),""),"") -> https://ltm630:8443/dmz630/das_middleware_cht | U111: =IF(D111="dmz",IF(ISNUMBER(FIND("api",K111)),CONCATENATE("http://",B111,".bes_ext_api:8000/",D111,MID(B111,2,15),"/",I111,""),""),"") | V111: =IF(D111="dmz",IF(ISNUMBER(FIND("api",K111)),CONCATENATE("https://",B111,".bes_ext_api:8443/",D111,MID(B111,2,15),"/",I111,""),""),"")
A112: 146 | B112: v630 | C112: DMZ (DAS) | D112: dmz | G112: 31122 | H112: 32122 | I112: das_middleware_cht_video | L112: api | M112: api | O112: api | P112: api | R112: rest_api | S112: =IF(LEN(B112)>0,IF(ISNUMBER(FIND("api",CONCATENATE(L112,M112))),CONCATENATE("http://ltm",MID(B112,2,15),":8000/",D112,MID(B112,2,15),"/",$I112),""),"") -> http://ltm630:8000/dmz630/das_middleware_cht_video | T112: =IF(LEN(B112)>0,IF(ISNUMBER(FIND("api",CONCATENATE(L112,M112))),CONCATENATE("https://ltm",MID(B112,2,15),":8443/",D112,MID(B112,2,15),"/",$I112),""),"") -> https://ltm630:8443/dmz630/das_middleware_cht_video | U112: =IF(D112="dmz",IF(ISNUMBER(FIND("api",K112)),CONCATENATE("http://",B112,".bes_ext_api:8000/",D112,MID(B112,2,15),"/",I112,""),""),"") | V112: =IF(D112="dmz",IF(ISNUMBER(FIND("api",K112)),CONCATENATE("https://",B112,".bes_ext_api:8443/",D112,MID(B112,2,15),"/",I112,""),""),"")

Sheet svc_access_mapping
D1: Source(outbound)
D2: ccs_middleware | E2: bes_wmm | F2: ffts_web | G2: payment_middleware | H2: bescore_portal | I2: bes_signalr_server | J2: ecms_portal | K2: ccms_portal | L2: toms_middleware | M2: toms_portal | N2: toms_api | O2: toms_auth_api | P2: das_middleware | Q2: auth_api | R2: accmgt_api | S2: ecms_api | T2: central_db_services_accmgt | U2: central_db_services_core | V2: central_db_services_ccms | W2: central_db_services_ecms | X2: das_video | Y2: tx_validation | Z2: notification_middleware | AA2: tsp_middleware | AB2: secondocr_webapi | AC2: ccms_api | AD2: bes_acc_im001_fft_account_registration | AE2: bes_acc_im002_fft_vehicle_management | AF2: bes_acc_im003_fft_vehicle_group_management | AG2: bes_acc_im004_fft_account_search | AH2: bes_acc_im005_fft_driver_approval | AI2: bes_acc_im006_fft_account_management | AJ2: bes_acc_im007_fft_vehicle_pairing | AK2: bes_acc_im008_fft_tag_management | AL2: bes_acc_im009_fft_payment_and_billing | AM2: bes_acc_im010_fft_transaction | AN2: bes_cre_im001_tokenization | AO2: bes_cre_im002_otp | AP2: bes_cre_im007_notification_template_management | AQ2: bes_cre_im008_notification_message_management | AR2: bes_cre_im009_notification_processor | AS2: bes_cre_im010_shortlink | AT2: ttis_middleware | AU2: valid_v_middleware | AV2: vssd_middleware | AW2: bes_ccs | AX2: bes_das_im001_general | AY2: bes_tsp_misc | AZ2: bes_ttis | BA2: bes_valid_v | BB2: bes_vssd | BC2: conf_setting | BD2: das_data_consumer | BE2: das_evidence_record_consumer | BF2: das_transaction_record_consumer | BG2: statement_api | BH2: toll_cal_setting | BI2: external - Valid V | BJ2: external - CCS | BK2: external - DAS | BL2: external - Internet | BM2: external - Government | BN2: external - TSP | BO2: external - VSSD
A3: vLan | B3: destination(inbound) | C3: Port | D3: v904 | E3: v504 / v804 | F3: v804 | G3: v504 | H3: v504 / v904 | I3: v504 | J3: v504 / v904 | K3: v504 / v904 | L3: v504 / v630 | M3: v504 | N3: v511 | O3: v511 | P3: v630 | Q3: v510 | R3: v510 | S3: v510 | T3: v510 | U3: v510/v810 | V3: v510 | W3: v510 | X3: v630 | Y3: v510 | Z3: v504 | AA3: v504 | AB3: v510 | AC3: v510 | AD3: v510/v810 | AE3: v510/v810 | AF3: v510/v810 | AG3: v510/v810 | AH3: v510/v810 | AI3: v510/v810 | AJ3: v510/v810 | AK3: v510/v810 | AL3: v510/v810 | AM3: v510/v810 | AN3: v510/v810 | AO3: v510/v810 | AP3: v510/v810 | AQ3: v510/v810 | AR3: v510/v810 | AS3: v510/v810 | AT3: v504 | AU3: v904 | AV3: v904 | AW3: v510 | AX3: v510 | AY3: v510 | AZ3: v510 | BA3: v510 | BB3: v510 | BC3: v510 | BD3: v510 | BE3: v510 | BF3: v510 | BG3: v810 | BH3: v510
A4: v904 | B4: ccs_middleware | C4: 31211 | AW4: ü
A5: v504 / v804 | B5: bes_wmm | C5: 31026 | F5: ü | BL5: ü | BN5: ü
A6: v804 | B6: ffts_web | C6: 31029 | BL6: ü
A7: v504 | B7: payment_middleware | C7: 31031 | L7: ü | AI7: ü | AL7: ü | BN7: ü
A8: v504 / v904 | B8: bescore_portal | C8: 31010 | I8: ü | BM8: ü | BN8: ü
A9: v504 | B9: bes_signalr_server | C9: 31011 | H9: ü | J9: ü | K9: ü | R9: ü | S9: ü | AC9: ü | BN9: ü
A10: v504 / v904 | B10: ecms_portal | C10: 31013 | I10: ü | BM10: ü | BN10: ü
A11: v504 / v904 | B11: ccms_portal | C11: 31028 | I11: ü | BM11: ü | BN11: ü
A12: v??? / v630 | B12: toms_middleware | C12: 31030 | G12: ü | N12: ü | P12: ü | X12: ü | Z12: ü | AA12: ü | AT12: ü | BK12: ü
A13: v??? | B13: toms_portal | C13: 31002 | BN13: ü
A14: v511 | B14: toms_api | C14: 31001 | L14: ü | M14: ü
A15: v511 | B15: toms_auth_api | C15: 31004 | M15: ü
A16: v630 | B16: das_middleware | C16: 31025 | L16: ü | AX16: ü | BK16: ü
A17: v510 | B17: auth_api | C17: 31000 | H17: ü | J17: ü | K17: ü
A18: v510 | B18: accmgt_api | C18: 31009 | E18: ü | H18: ü | J18: ü | K18: ü | S18: ü | AC18: ü | AD18: ü | AE18: ü | AF18: ü | AG18: ü | AH18: ü | AI18: ü | AJ18: ü | AK18: ü | AL18: ü | AM18: ü | AN18: ü | AO18: ü | AS18: ü | AY18: ü | AZ18: ü | BA18: ü
A19: v510 | B19: ecms_api | C19: 31014 | H19: ü | J19: ü | R19: ü | AC19: ü | AD19: ü | AE19: ü | AF19: ü | AG19: ü | AH19: ü | AI19: ü | AJ19: ü | AK19: ü | AL19: ü | AM19: ü | AN19: ü | AO19: ü | AS19: ü
A20: v510 | B20: central_db_services_accmgt | C20: 31015 | R20: ü | S20: ü | Y20: ü | AC20: ü | AD20: ü | AE20: ü | AF20: ü | AG20: ü | AH20: ü | AI20: ü | AJ20: ü | AK20: ü | AL20: ü | AM20: ü | AY20: ü | BC20: ü
A21: v510/v810 | B21: central_db_services_core | C21: 31016 | R21: ü | S21: ü | Y21: ü | AC21: ü | AD21: ü | AE21: ü | AF21: ü | AG21: ü | AH21: ü | AI21: ü | AJ21: ü | AK21: ü | AL21: ü | AM21: ü | AN21: ü | AO21: ü | AP21: ü | AQ21: ü | AR21: ü | AS21: ü | AW21: ü | AX21: ü | AY21: ü | AZ21: ü | BA21: ü | BB21: ü | BC21: ü | BD21: ü | BE21: ü | BF21: ü | BG21: ü | BH21: ü
A22: v510 | B22: central_db_services_ccms | C22: 31017 | R22: ü | AC22: ü | BC22: ü
A23: v510 | B23: central_db_services_ecms | C23: 31018 | R23: ü | S23: ü | BC23: ü
A24: v603 | B24: das_video | C24: 31019 | L24: ü | AX24: ü | BK24: ü
A25: v510 | B25: tx_validation | C25: 31021 | S25: ü | AB25: ü | BD25: ü | BE25: ü | BF25: ü
A26: v504 | B26: notification_middleware | C26: 31400 | L26: ü | BN26: ü
A27: v504 | B27: tsp_middleware | C27: 31401 | L27: ü | BN27: ü
A28: v510 | B28: secondocr_webapi | C28: 31024 | Y28: ü
A29: v510 | B29: ccms_api | C29: 31027 | E29: ü | H29: ü | J29: ü | K29: ü | R29: ü | S29: ü | AD29: ü | AE29: ü | AF29: ü | AG29: ü | AH29: ü | AI29: ü | AJ29: ü | AK29: ü | AL29: ü | AM29: ü | AN29: ü | AO29: ü | AS29: ü
A30: v510/v810 | B30: bes_acc_im001_fft_account_registration | C30: 31201 | E30: ü | H30: ü | K30: ü | R30: ü | AC30: ü | AE30: ü | AF30: ü | AG30: ü | AH30: ü | AI30: ü | AJ30: ü | AK30: ü | AL30: ü | AM30: ü | AN30: ü | AO30: ü | AS30: ü
A31: v510/v810 | B31: bes_acc_im002_fft_vehicle_management | C31: 31202 | E31: ü | H31: ü | K31: ü | R31: ü | AC31: ü | AD31: ü | AF31: ü | AG31: ü | AH31: ü | AI31: ü | AJ31: ü | AK31: ü | AL31: ü | AM31: ü | AN31: ü | AO31: ü | AS31: ü | AZ31: ü | BA31: ü
A32: v510/v810 | B32: bes_acc_im003_fft_vehicle_group_management | C32: 31203 | E32: ü | H32: ü | K32: ü | R32: ü | AC32: ü | AD32: ü | AE32: ü | AG32: ü | AH32: ü | AI32: ü | AJ32: ü | AK32: ü | AL32: ü | AM32: ü | AN32: ü | AO32: ü | AS32: ü
A33: v510/v810 | B33: bes_acc_im004_fft_account_search | C33: 31204 | E33: ü | H33: ü | K33: ü | R33: ü | AC33: ü | AD33: ü | AE33: ü | AF33: ü | AH33: ü | AI33: ü | AJ33: ü | AK33: ü | AL33: ü | AM33: ü | AN33: ü | AO33: ü | AS33: ü
A34: v510/v810 | B34: bes_acc_im005_fft_driver_approval | C34: 31205 | E34: ü | H34: ü | K34: ü | R34: ü | AC34: ü | AD34: ü | AE34: ü | AF34: ü | AG34: ü | AI34: ü | AJ34: ü | AK34: ü | AL34: ü | AM34: ü | AN34: ü | AO34: ü | AS34: ü
A35: v510/v810 | B35: bes_acc_im006_fft_account_management | C35: 31206 | E35: ü | G35: ü | H35: ü | K35: ü | R35: ü | AC35: ü | AD35: ü | AE35: ü | AF35: ü | AG35: ü | AH35: ü | AJ35: ü | AK35: ü | AL35: ü | AM35: ü | AN35: ü | AO35: ü | AR35: ü | AS35: ü | AY35: ü
A36: v510/v810 | B36: bes_acc_im007_fft_vehicle_pairing | C36: 31207 | E36: ü | H36: ü | K36: ü | R36: ü | AC36: ü | AD36: ü | AE36: ü | AF36: ü | AG36: ü | AH36: ü | AI36: ü | AK36: ü | AL36: ü | AM36: ü | AN36: ü | AO36: ü | AS36: ü
A37: v510/v810 | B37: bes_acc_im008_fft_tag_management | C37: 31208 | E37: ü | H37: ü | K37: ü | R37: ü | AC37: ü | AD37: ü | AE37: ü | AF37: ü | AG37: ü | AH37: ü | AI37: ü | AJ37: ü | AL37: ü | AM37: ü | AN37: ü | AO37: ü | AS37: ü | AZ37: ü | BA37: ü
A38: v510/v810 | B38: bes_acc_im009_fft_payment_and_billing | C38: 31209 | E38: ü | G38: ü | H38: ü | K38: ü | R38: ü | Y38: ü | AC38: ü | AD38: ü | AE38: ü | AF38: ü | AG38: ü | AH38: ü | AI38: ü | AJ38: ü | AK38: ü | AM38: ü | AN38: ü | AO38: ü | AS38: ü
A39: v510/v810 | B39: bes_acc_im010_fft_transaction | C39: 31210 | E39: ü | H39: ü | K39: ü | R39: ü | AC39: ü | AD39: ü | AE39: ü | AF39: ü | AG39: ü | AH39: ü | AI39: ü | AJ39: ü | AK39: ü | AL39: ü | AN39: ü | AO39: ü | AS39: ü
A40: v510/v810 | B40: bes_cre_im001_tokenization | C40: 31301 | R40: ü | S40: ü | AC40: ü | AD40: ü | AE40: ü | AF40: ü | AG40: ü | AH40: ü | AI40: ü | AJ40: ü | AK40: ü | AL40: ü | AM40: ü | AO40: ü | AR40: ü
A41: v510/v810 | B41: bes_cre_im002_otp | C41: 31302 | R41: ü | S41: ü | AC41: ü | AD41: ü | AE41: ü | AF41: ü | AG41: ü | AH41: ü | AI41: ü | AJ41: ü | AK41: ü | AL41: ü | AM41: ü | AN41: ü | AR41: ü
A42: v510/v810 | B42: bes_cre_im007_notification_template_management | C42: 31307 | H42: ü | R42: ü | Z42: ü
A43: v510/v810 | B43: bes_cre_im008_notification_message_management | C43: 31308 | H43: ü | R43: ü | Z43: ü
A44: v510/v810 | B44: bes_cre_im009_notification_processor | C44: 31309 | R44: ü | Z44: ü
A45: v510/v810 | B45: bes_cre_im010_shortlink | C45: 31310 | E45: ü | H45: ü | R45: ü | S45: ü | AC45: ü | AD45: ü | AE45: ü | AF45: ü | AG45: ü | AH45: ü | AI45: ü | AJ45: ü | AK45: ü | AL45: ü | AM45: ü | AR45: ü
A46: v504 | B46: ttis_middleware | C46: 31402 | L46: ü | AZ46: ü | BN46: ü
A47: v904 | B47: valid_v_middleware | C47: 31403 | BA47: ü
A48: v904 | B48: vssd_middleware | C48: 31404 | BB48: ü
A49: v510 | B49: bes_ccs | C49: 31311
A50: v510 | B50: bes_das_im001_general | C50: 31312 | H50: ü | P50: ü | BD50: ü
A51: v510 | B51: bes_tsp_misc | C51: 31313 | AA51: ü
A52: v510 | B52: bes_ttis | C52: 31314 | R52: ü | AE52: ü | AT52: ü
A53: v510 | B53: bes_valid_v | C53: 31315 | AU53: ü
A54: v510 | B54: bes_vssd | C54: 31316 | AV54: ü
A55: v510 | B55: conf_setting | C55: 31317 | H55: ü
A56: v510 | B56: das_data_consumer | C56: N/A
A57: v510 | B57: das_evidence_record_consumer | C57: N/A
A58: v510 | B58: das_transaction_record_consumer | C58: N/A
A59: v810 | B59: statement_api | C59: 31318 | E59: ü | H59: ü | K59: ü
A60: v510 | B60: toll_cal_setting | C60: 31319 | H60: ü
B61: object_storage | S61: ü | X61: ü | Y61: ü | AC61: ü | AX61: ü | BE61: ü
B62: mariadb | T62: ü | U62: ü | V62: ü | W62: ü
B63: k8s-mongodb | Q63: ü | R63: ü | S63: ü | T63: ü | U63: ü | V63: ü | W63: ü | Y63: ü | AB63: ü | AC63: ü | AD63: ü | AE63: ü | AF63: ü | AG63: ü | AH63: ü | AI63: ü | AJ63: ü | AK63: ü | AL63: ü | AM63: ü | AN63: ü | AO63: ü | AP63: ü | AQ63: ü | AR63: ü | AS63: ü | AW63: ü | AX63: ü | AY63: ü | AZ63: ü | BA63: ü | BB63: ü | BC63: ü | BD63: ü | BE63: ü | BF63: ü | BG63: ü | BH63: ü
B64: pulsar | P64: ü | R64: ü | S64: ü | X64: ü | Z64: ü | AC64: ü | AD64: ü | AE64: ü | AF64: ü | AG64: ü | AH64: ü | AI64: ü | AJ64: ü | AK64: ü | AL64: ü | AM64: ü | AN64: ü | AO64: ü | AP64: ü | AQ64: ü | AR64: ü | AS64: ü | BD64: ü | BE64: ü | BF64: ü
B65: k8s-keylcoak | Q65: ü
B66: toms-mongodb | N66: ü | O66: ü
B67: toms-mariadb | N67: ü | O67: ü
B68: toms-keycloak | N68: ü | O68: ü
B69: external - Valid V | AU69: ü
B70: external - CCS | D70: ü
B71: external - DAS | L71: ü | P71: ü | X71: ü
B72: external - Internet
B73: external - Government
B74: external - TSP | G74: ü | I74: ü | M74: ü | Z74: ü | AA74: ü | AT74: ü
B75: external - VSSD | AV75: ü

Sheet kong_np_var
I1: put upstream cmd | J1: curl -X PUT <kong_api_url>/upstreams/<upstream_name>
I2: put service cmd | J2: curl -X PUT <kong_api_url>/services/<service_name> -H "Content-Type: application/json" -d '{"protocol":"http","host":"<upstream_name>","port":<port>}'
I3: put route cmd | J3: curl -X PUT <kong_api_url>/services/<service_name>/routes/<route_name> -H "Content-Type: application/json" -d '{"protocols":["http"],"hosts":["<host>"],"paths":["<path>"]}'
I4: create target cmd | J4: curl -X POST <kong_api_url>/upstreams/<upstream_id>/targets -d "target=<target>"
A6: kong_api_url | B6: trust | C6: http://172.24.148.160:8001
A7: kong_api_url | B7: dmz | C7: http://172.24.149.80:8001
C9: source_vlan
A10: kong lb ip | B10: v510 | C10: v504 | D10: 172.24.149.183
A11: kong lb ip | B11: v810 | C11: v804 | D11: 172.24.149.151
A12: kong lb ip | B12: v910 | C12: v904 | D12: 172.24.149.167
A13: kong lb ip | B13: v804 | C13: v810 | D13: 172.24.151.71
A14: kong lb ip | B14: v904 | C14: v910 | D14: 172.24.150.39
A15: kong lb ip | B15: v504 | C15: v510 | D15: 172.24.148.71
A16: kong lb ip | B16: v630 | C16: v510 | D16: 172.24.150.71
B19: vlan | C19: worker_1 | D19: worker_2 | E19: worker_3 | F19: worker_4 | G19: worker_5 | H19: worker_6
A20: k8s lb ip | B20: v510 | C20: 172.24.148.131 | D20: 172.24.148.132 | E20: 172.24.148.133 | F20: 172.24.148.134 | G20: 172.24.148.135 | H20: 172.24.148.136
A21: k8s lb ip | B21: v810 | C21: 172.24.148.195 | D21: 172.24.148.196 | E21: 172.24.148.197 | F21: 172.24.148.198 | G21: 172.24.148.199 | H21: 172.24.148.200
A22: k8s lb ip | B22: v910 | C22: 172.24.151.3 | D22: 172.24.151.4 | E22: 172.24.151.5 | F22: 172.24.151.6 | G22: 172.24.151.7 | H22: 172.24.151.8
A23: k8s lb ip | B23: v804 | C23: 172.24.149.70 | D23: 172.24.149.71 | E23: 172.24.149.72
A24: k8s lb ip | B24: v904 | C24: 172.24.149.102 | D24: 172.24.149.103 | E24: 172.24.149.104
A25: k8s lb ip | B25: v504 | C25: 172.24.148.102 | D25: 172.24.148.103 | E25: 172.24.148.104
A26: k8s lb ip | B26: v630 | C26: 172.24.151.109 | D26: 172.24.151.110 | E26: 172.24.151.111

Sheet kong_np_script
A1: is_rest_api | C1: zone | D1: vlan | E1: port | F1: upstream_name | G1: service_name | H1: route_name | I1: target_1 | J1: target_2 | K1: target_3 | L1: target_4 | M1: target_5 | N1: target_6 | O1: kong_host | P1: path | Q1: kong_api_url | R1: upstream_curl | S1: service_curl | T1: route_curl | U1: target_1_curl | V1: target_2_curl | W1: target_3_curl | X1: target_4_curl | Y1: target_5_curl | Z1: target_6_curl
A2: =IF(ISNUMBER(SEARCH("rest_api",svc!R2)),1,0) -> 1 | C2: =svc!D2 -> dmz | D2: =svc!$B2 -> v504 | E2: =svc!G2 -> 31011 | F2: =CONCATENATE("ups-",svc!$B2,"-",svc!I2) -> ups-v504-bes_signalr_server | G2: =CONCATENATE("svc-",svc!$B2,"-",svc!I2) -> svc-v504-bes_signalr_server | H2: =CONCATENATE("route-",VLOOKUP($D2,kong_np_var!$B$10:$D$16,2,FALSE),"-",svc!$B2,"-",svc!I2) -> route-v510-v504-bes_signalr_server | I2: =CONCATENATE(VLOOKUP($D2,kong_np_var!$B$20:$H$26,SUBSTITUTE(I$1,"target_","") + 1,FALSE),":",$E2) -> 172.24.148.102:31011 | J2: =CONCATENATE(VLOOKUP($D2,kong_np_var!$B$20:$H$26,SUBSTITUTE(J$1,"target_","") + 1,FALSE),":",$E2) -> 172.24.148.103:31011 | K2: =CONCATENATE(VLOOKUP($D2,kong_np_var!$B$20:$H$26,SUBSTITUTE(K$1,"target_","") + 1,FALSE),":",$E2) -> 172.24.148.104:31011 | L2: =IF($C2="dmz","",CONCATENATE(VLOOKUP($D2,kong_np_var!$B$20:$H$26,SUBSTITUTE(L$1,"target_","") + 1,FALSE),":",$E2)) | M2: =IF($C2="dmz","",CONCATENATE(VLOOKUP($D2,kong_np_var!$B$20:$H$26,SUBSTITUTE(M$1,"target_","") + 1,FALSE),":",$E2)) | N2: =IF($C2="dmz","",CONCATENATE(VLOOKUP($D2,kong_np_var!$B$20:$H$26,SUBSTITUTE(N$1,"target_","") + 1,FALSE),":",$E2)) | O2: =VLOOKUP($D2,kong_np_var!$B$10:$D$16,3,FALSE) -> 172.24.148.71 | P2: =CONCATENATE("/",C2,MID(D2,2,15),"/",svc!$I2) -> /dmz504/bes_signalr_server | Q2: =VLOOKUP(C2,kong_np_var!$B$6:$C$7,2,FALSE) -> http://172.24.149.80:8001 | R2: =SUBSTITUTE(SUBSTITUTE(kong_np_var!$J$1,"<upstream_name>",$F2),"<kong_api_url>",$Q2) -> curl -X PUT http://172.24.149.80:8001/upstreams/ups-v504-bes_signalr_server | S2: =SUBSTITUTE(SUBSTITUTE(SUBSTITUTE(SUBSTITUTE(kong_np_var!$J$2,"<kong_api_url>",$Q2),"<upstream_name>",$F2),"<port>",$E2),"<service_name>",$G2) -> curl -X PUT http://172.24.149.80:8001/services/svc-v504-bes_signalr_server -H "Content-Type: application/json" -d '{"protocol":"http","host":"ups-v504-bes_signalr_server","port":31011}' | T2: =SUBSTITUTE(SUBSTITUTE(SUBSTITUTE(SUBSTITUTE(SUBSTITUTE(kong_np_var!$J$3,"<kong_api_url>",$Q2),"<route_name>",$H2),"<service_name>",$G2),"<host>",$O2),"<path>",$P2) -> curl -X PUT http://172.24.149.80:8001/services/svc-v504-bes_signalr_server/routes/route-v510-v504-bes_signalr_server -H "Content-Type: application/json" -d '{"protocols":["http"],"hosts":["172.24.148.71"],"paths":["/dmz504/bes_signalr_server"]}' | U2: =IF(I2="","","curl -X POST " & $Q2 & "/upstreams/"& $F2 &"/targets -d 'target="& I2 & "'") -> curl -X POST http://172.24.149.80:8001/upstreams/ups-v504-bes_signalr_server/targets -d 'target=172.24.148.102:31011' | V2: =IF(J2="","","curl -X POST " & $Q2 & "/upstreams/"& $F2 &"/targets -d 'target="& J2 & "'") -> curl -X POST http://172.24.149.80:8001/upstreams/ups-v504-bes_signalr_server/targets -d 'target=172.24.148.103:31011' | W2: =IF(K2="","","curl -X POST " & $Q2 & "/upstreams/"& $F2 &"/targets -d 'target="& K2 & "'") -> curl -X POST http://172.24.149.80:8001/upstreams/ups-v504-bes_signalr_server/targets -d 'target=172.24.148.104:31011' | X2: =IF(L2="","","curl -X POST " & $Q2 & "/upstreams/"& $F2 &"/targets -d 'target="& L2 & "'") | Y2: =IF(M2="","","curl -X POST " & $Q2 & "/upstreams/"& $F2 &"/targets -d 'target="& M2 & "'") | Z2: =IF(N2="","","curl -X POST " & $Q2 & "/upstreams/"& $F2 &"/targets -d 'target="& N2 & "'")
A3: =IF(ISNUMBER(SEARCH("rest_api",svc!R3)),1,0) -> 1 | C3: =svc!D3 -> dmz | D3: =svc!$B3 -> v504 | E3: =svc!G3 -> 31026 | F3: =CONCATENATE("ups-",svc!$B3,"-",svc!I3) -> ups-v504-bes_wmm | G3: =CONCATENATE("svc-",svc!$B3,"-",svc!I3) -> svc-v504-bes_wmm | H3: =CONCATENATE("route-",VLOOKUP($D3,kong_np_var!$B$10:$D$16,2,FALSE),"-",svc!$B3,"-",svc!I3) -> route-v510-v504-bes_wmm | I3: =CONCATENATE(VLOOKUP($D3,kong_np_var!$B$20:$H$26,SUBSTITUTE(I$1,"target_","") + 1,FALSE),":",$E3) -> 172.24.148.102:31026 | J3: =CONCATENATE(VLOOKUP($D3,kong_np_var!$B$20:$H$26,SUBSTITUTE(J$1,"target_","") + 1,FALSE),":",$E3) -> 172.24.148.103:31026 | K3: =CONCATENATE(VLOOKUP($D3,kong_np_var!$B$20:$H$26,SUBSTITUTE(K$1,"target_","") + 1,FALSE),":",$E3) -> 172.24.148.104:31026 | L3: =IF($C3="dmz","",CONCATENATE(VLOOKUP($D3,kong_np_var!$B$20:$H$26,SUBSTITUTE(L$1,"target_","") + 1,FALSE),":",$E3)) | M3: =IF($C3="dmz","",CONCATENATE(VLOOKUP($D3,kong_np_var!$B$20:$H$26,SUBSTITUTE(M$1,"target_","") + 1,FALSE),":",$E3)) | N3: =IF($C3="dmz","",CONCATENATE(VLOOKUP($D3,kong_np_var!$B$20:$H$26,SUBSTITUTE(N$1,"target_","") + 1,FALSE),":",$E3)) | O3: =VLOOKUP($D3,kong_np_var!$B$10:$D$16,3,FALSE) -> 172.24.148.71 | P3: =CONCATENATE("/",C3,MID(D3,2,15),"/",svc!$I3) -> /dmz504/bes_wmm | Q3: =VLOOKUP(C3,kong_np_var!$B$6:$C$7,2,FALSE) -> http://172.24.149.80:8001 | R3: =SUBSTITUTE(SUBSTITUTE(kong_np_var!$J$1,"<upstream_name>",$F3),"<kong_api_url>",$Q3) -> curl -X PUT http://172.24.149.80:8001/upstreams/ups-v504-bes_wmm | S3: =SUBSTITUTE(SUBSTITUTE(SUBSTITUTE(SUBSTITUTE(kong_np_var!$J$2,"<kong_api_url>",$Q3),"<upstream_name>",$F3),"<port>",$E3),"<service_name>",$G3) -> curl -X PUT http://172.24.149.80:8001/services/svc-v504-bes_wmm -H "Content-Type: application/json" -d '{"protocol":"http","host":"ups-v504-bes_wmm","port":31026}' | T3: =SUBSTITUTE(SUBSTITUTE(SUBSTITUTE(SUBSTITUTE(SUBSTITUTE(kong_np_var!$J$3,"<kong_api_url>",$Q3),"<route_name>",$H3),"<service_name>",$G3),"<host>",$O3),"<path>",$P3) -> curl -X PUT http://172.24.149.80:8001/services/svc-v504-bes_wmm/routes/route-v510-v504-bes_wmm -H "Content-Type: application/json" -d '{"protocols":["http"],"hosts":["172.24.148.71"],"paths":["/dmz504/bes_wmm"]}' | U3: =IF(I3="","","curl -X POST " & $Q3 & "/upstreams/"& $F3 &"/targets -d 'target="& I3 & "'") -> curl -X POST http://172.24.149.80:8001/upstreams/ups-v504-bes_wmm/targets -d 'target=172.24.148.102:31026' | V3: =IF(J3="","","curl -X POST " & $Q3 & "/upstreams/"& $F3 &"/targets -d 'target="& J3 & "'") -> curl -X POST http://172.24.149.80:8001/upstreams/ups-v504-bes_wmm/targets -d 'target=172.24.148.103:31026' | W3: =IF(K3="","","curl -X POST " & $Q3 & "/upstreams/"& $F3 &"/targets -d 'target="& K3 & "'") -> curl -X POST http://172.24.149.80:8001/upstreams/ups-v504-bes_wmm/targets -d 'target=172.24.148.104:31026' | X3: =IF(L3="","","curl -X POST " & $Q3 & "/upstreams/"& $F3 &"/targets -d 'target="& L3 & "'") | Y3: =IF(M3="","","curl -X POST " & $Q3 & "/upstreams/"& $F3 &"/targets -d 'target="& M3 & "'") | Z3: =IF(N3="","","curl -X POST " & $Q3 & "/upstreams/"& $F3 &"/targets -d 'target="& N3 & "'")
A4: =IF(ISNUMBER(SEARCH("rest_api",svc!R4)),1,0) -> 1 | C4: =svc!D4 -> dmz | D4: =svc!$B4 -> v804 | E4: =svc!G4 -> 31026 | F4: =CONCATENATE("ups-",svc!$B4,"-",svc!I4) -> ups-v804-bes_wmm | G4: =CONCATENATE("svc-",svc!$B4,"-",svc!I4) -> svc-v804-bes_wmm | H4: =CONCATENATE("route-",VLOOKUP($D4,kong_np_var!$B$10:$D$16,2,FALSE),"-",svc!$B4,"-",svc!I4) -> route-v810-v804-bes_wmm | I4: =CONCATENATE(VLOOKUP($D4,kong_np_var!$B$20:$H$26,SUBSTITUTE(I$1,"target_","") + 1,FALSE),":",$E4) -> 172.24.149.70:31026 | J4: =CONCATENATE(VLOOKUP($D4,kong_np_var!$B$20:$H$26,SUBSTITUTE(J$1,"target_","") + 1,FALSE),":",$E4) -> 172.24.149.71:31026 | K4: =CONCATENATE(VLOOKUP($D4,kong_np_var!$B$20:$H$26,SUBSTITUTE(K$1,"target_","") + 1,FALSE),":",$E4) -> 172.24.149.72:31026 | L4: =IF($C4="dmz","",CONCATENATE(VLOOKUP($D4,kong_np_var!$B$20:$H$26,SUBSTITUTE(L$1,"target_","") + 1,FALSE),":",$E4)) | M4: =IF($C4="dmz","",CONCATENATE(VLOOKUP($D4,kong_np_var!$B$20:$H$26,SUBSTITUTE(M$1,"target_","") + 1,FALSE),":",$E4)) | N4: =IF($C4="dmz","",CONCATENATE(VLOOKUP($D4,kong_np_var!$B$20:$H$26,SUBSTITUTE(N$1,"target_","") + 1,FALSE),":",$E4)) | O4: =VLOOKUP($D4,kong_np_var!$B$10:$D$16,3,FALSE) -> 172.24.151.71 | P4: =CONCATENATE("/",C4,MID(D4,2,15),"/",svc!$I4) -> /dmz804/bes_wmm | Q4: =VLOOKUP(C4,kong_np_var!$B$6:$C$7,2,FALSE) -> http://172.24.149.80:8001 | R4: =SUBSTITUTE(SUBSTITUTE(kong_np_var!$J$1,"<upstream_name>",$F4),"<kong_api_url>",$Q4) -> curl -X PUT http://172.24.149.80:8001/upstreams/ups-v804-bes_wmm | S4: =SUBSTITUTE(SUBSTITUTE(SUBSTITUTE(SUBSTITUTE(kong_np_var!$J$2,"<kong_api_url>",$Q4),"<upstream_name>",$F4),"<port>",$E4),"<service_name>",$G4) -> curl -X PUT http://172.24.149.80:8001/services/svc-v804-bes_wmm -H "Content-Type: application/json" -d '{"protocol":"http","host":"ups-v804-bes_wmm","port":31026}' | T4: =SUBSTITUTE(SUBSTITUTE(SUBSTITUTE(SUBSTITUTE(SUBSTITUTE(kong_np_var!$J$3,"<kong_api_url>",$Q4),"<route_name>",$H4),"<service_name>",$G4),"<host>",$O4),"<path>",$P4) -> curl -X PUT http://172.24.149.80:8001/services/svc-v804-bes_wmm/routes/route-v810-v804-bes_wmm -H "Content-Type: application/json" -d '{"protocols":["http"],"hosts":["172.24.151.71"],"paths":["/dmz804/bes_wmm"]}' | U4: =IF(I4="","","curl -X POST " & $Q4 & "/upstreams/"& $F4 &"/targets -d 'target="& I4 & "'") -> curl -X POST http://172.24.149.80:8001/upstreams/ups-v804-bes_wmm/targets -d 'target=172.24.149.70:31026' | V4: =IF(J4="","","curl -X POST " & $Q4 & "/upstreams/"& $F4 &"/targets -d 'target="& J4 & "'") -> curl -X POST http://172.24.149.80:8001/upstreams/ups-v804-bes_wmm/targets -d 'target=172.24.149.71:31026' | W4: =IF(K4="","","curl -X POST " & $Q4 & "/upstreams/"& $F4 &"/targets -d 'target="& K4 & "'") -> curl -X POST http://172.24.149.80:8001/upstreams/ups-v804-bes_wmm/targets -d 'target=172.24.149.72:31026' | X4: =IF(L4="","","curl -X POST " & $Q4 & "/upstreams/"& $F4 &"/targets -d 'target="& L4 & "'") | Y4: =IF(M4="","","curl -X POST " & $Q4 & "/upstreams/"& $F4 &"/targets -d 'target="& M4 & "'") | Z4: =IF(N4="","","curl -X POST " & $Q4 & "/upstreams/"& $F4 &"/targets -d 'target="& N4 & "'")
A5: =IF(ISNUMBER(SEARCH("rest_api",svc!R5)),1,0) -> 0 | C5: =svc!D5 -> dmz | D5: =svc!$B5 -> v504 | E5: =svc!G5 -> 31010 | F5: =CONCATENATE("ups-",svc!$B5,"-",svc!I5) -> ups-v504-bescore_portal | G5: =CONCATENATE("svc-",svc!$B5,"-",svc!I5) -> svc-v504-bescore_portal | H5: =CONCATENATE("route-",VLOOKUP($D5,kong_np_var!$B$10:$D$16,2,FALSE),"-",svc!$B5,"-",svc!I5) -> route-v510-v504-bescore_portal | I5: =CONCATENATE(VLOOKUP($D5,kong_np_var!$B$20:$H$26,SUBSTITUTE(I$1,"target_","") + 1,FALSE),":",$E5) -> 172.24.148.102:31010 | J5: =CONCATENATE(VLOOKUP($D5,kong_np_var!$B$20:$H$26,SUBSTITUTE(J$1,"target_","") + 1,FALSE),":",$E5) -> 172.24.148.103:31010 | K5: =CONCATENATE(VLOOKUP($D5,kong_np_var!$B$20:$H$26,SUBSTITUTE(K$1,"target_","") + 1,FALSE),":",$E5) -> 172.24.148.104:31010 | L5: =IF($C5="dmz","",CONCATENATE(VLOOKUP($D5,kong_np_var!$B$20:$H$26,SUBSTITUTE(L$1,"target_","") + 1,FALSE),":",$E5)) | M5: =IF($C5="dmz","",CONCATENATE(VLOOKUP($D5,kong_np_var!$B$20:$H$26,SUBSTITUTE(M$1,"target_","") + 1,FALSE),":",$E5)) | N5: =IF($C5="dmz","",CONCATENATE(VLOOKUP($D5,kong_np_var!$B$20:$H$26,SUBSTITUTE(N$1,"target_","") + 1,FALSE),":",$E5)) | O5: =VLOOKUP($D5,kong_np_var!$B$10:$D$16,3,FALSE) -> 172.24.148.71 | P5: =CONCATENATE("/",C5,MID(D5,2,15),"/",svc!$I5) -> /dmz504/bescore_portal | Q5: =VLOOKUP(C5,kong_np_var!$B$6:$C$7,2,FALSE) -> http://172.24.149.80:8001 | R5: =SUBSTITUTE(SUBSTITUTE(kong_np_var!$J$1,"<upstream_name>",$F5),"<kong_api_url>",$Q5) -> curl -X PUT http://172.24.149.80:8001/upstreams/ups-v504-bescore_portal | S5: =SUBSTITUTE(SUBSTITUTE(SUBSTITUTE(SUBSTITUTE(kong_np_var!$J$2,"<kong_api_url>",$Q5),"<upstream_name>",$F5),"<port>",$E5),"<service_name>",$G5) -> curl -X PUT http://172.24.149.80:8001/services/svc-v504-bescore_portal -H "Content-Type: application/json" -d '{"protocol":"http","host":"ups-v504-bescore_portal","port":31010}' | T5: =SUBSTITUTE(SUBSTITUTE(SUBSTITUTE(SUBSTITUTE(SUBSTITUTE(kong_np_var!$J$3,"<kong_api_url>",$Q5),"<route_name>",$H5),"<service_name>",$G5),"<host>",$O5),"<path>",$P5) -> curl -X PUT http://172.24.149.80:8001/services/svc-v504-bescore_portal/routes/route-v510-v504-bescore_portal -H "Content-Type: application/json" -d '{"protocols":["http"],"hosts":["172.24.148.71"],"paths":["/dmz504/bescore_portal"]}' | U5: =IF(I5="","","curl -X POST " & $Q5 & "/upstreams/"& $F5 &"/targets -d 'target="& I5 & "'") -> curl -X POST http://172.24.149.80:8001/upstreams/ups-v504-bescore_portal/targets -d 'target=172.24.148.102:31010' | V5: =IF(J5="","","curl -X POST " & $Q5 & "/upstreams/"& $F5 &"/targets -d 'target="& J5 & "'") -> curl -X POST http://172.24.149.80:8001/upstreams/ups-v504-bescore_portal/targets -d 'target=172.24.148.103:31010' | W5: =IF(K5="","","curl -X POST " & $Q5 & "/upstreams/"& $F5 &"/targets -d 'target="& K5 & "'") -> curl -X POST http://172.24.149.80:8001/upstreams/ups-v504-bescore_portal/targets -d 'target=172.24.148.104:31010' | X5: =IF(L5="","","curl -X POST " & $Q5 & "/upstreams/"& $F5 &"/targets -d 'target="& L5 & "'") | Y5: =IF(M5="","","curl -X POST " & $Q5 & "/upstreams/"& $F5 &"/targets -d 'target="& M5 & "'") | Z5: =IF(N5="","","curl -X POST " & $Q5 & "/upstreams/"& $F5 &"/targets -d 'target="& N5 & "'")
A6: =IF(ISNUMBER(SEARCH("rest_api",svc!R6)),1,0) -> 0 | C6: =svc!D6 -> dmz | D6: =svc!$B6 -> v504 | E6: =svc!G6 -> 31010 | F6: =CONCATENATE("ups-",svc!$B6,"-",svc!I6) -> ups-v504-bescore_portal | G6: =CONCATENATE("svc-",svc!$B6,"-",svc!I6) -> svc-v504-bescore_portal | H6: =CONCATENATE("route-",VLOOKUP($D6,kong_np_var!$B$10:$D$16,2,FALSE),"-",svc!$B6,"-",svc!I6) -> route-v510-v504-bescore_portal | I6: =CONCATENATE(VLOOKUP($D6,kong_np_var!$B$20:$H$26,SUBSTITUTE(I$1,"target_","") + 1,FALSE),":",$E6) -> 172.24.148.102:31010 | J6: =CONCATENATE(VLOOKUP($D6,kong_np_var!$B$20:$H$26,SUBSTITUTE(J$1,"target_","") + 1,FALSE),":",$E6) -> 172.24.148.103:31010 | K6: =CONCATENATE(VLOOKUP($D6,kong_np_var!$B$20:$H$26,SUBSTITUTE(K$1,"target_","") + 1,FALSE),":",$E6) -> 172.24.148.104:31010 | L6: =IF($C6="dmz","",CONCATENATE(VLOOKUP($D6,kong_np_var!$B$20:$H$26,SUBSTITUTE(L$1,"target_","") + 1,FALSE),":",$E6)) | M6: =IF($C6="dmz","",CONCATENATE(VLOOKUP($D6,kong_np_var!$B$20:$H$26,SUBSTITUTE(M$1,"target_","") + 1,FALSE),":",$E6)) | N6: =IF($C6="dmz","",CONCATENATE(VLOOKUP($D6,kong_np_var!$B$20:$H$26,SUBSTITUTE(N$1,"target_","") + 1,FALSE),":",$E6)) | O6: =VLOOKUP($D6,kong_np_var!$B$10:$D$16,3,FALSE) -> 172.24.148.71 | P6: =CONCATENATE("/",C6,MID(D6,2,15),"/",svc!$I6) -> /dmz504/bescore_portal | Q6: =VLOOKUP(C6,kong_np_var!$B$6:$C$7,2,FALSE) -> http://172.24.149.80:8001 | R6: =SUBSTITUTE(SUBSTITUTE(kong_np_var!$J$1,"<upstream_name>",$F6),"<kong_api_url>",$Q6) -> curl -X PUT http://172.24.149.80:8001/upstreams/ups-v504-bescore_portal | S6: =SUBSTITUTE(SUBSTITUTE(SUBSTITUTE(SUBSTITUTE(kong_np_var!$J$2,"<kong_api_url>",$Q6),"<upstream_name>",$F6),"<port>",$E6),"<service_name>",$G6) -> curl -X PUT http://172.24.149.80:8001/services/svc-v504-bescore_portal -H "Content-Type: application/json" -d '{"protocol":"http","host":"ups-v504-bescore_portal","port":31010}' | T6: =SUBSTITUTE(SUBSTITUTE(SUBSTITUTE(SUBSTITUTE(SUBSTITUTE(kong_np_var!$J$3,"<kong_api_url>",$Q6),"<route_name>",$H6),"<service_name>",$G6),"<host>",$O6),"<path>",$P6) -> curl -X PUT http://172.24.149.80:8001/services/svc-v504-bescore_portal/routes/route-v510-v504-bescore_portal -H "Content-Type: application/json" -d '{"protocols":["http"],"hosts":["172.24.148.71"],"paths":["/dmz504/bescore_portal"]}' | U6: =IF(I6="","","curl -X POST " & $Q6 & "/upstreams/"& $F6 &"/targets -d 'target="& I6 & "'") -> curl -X POST http://172.24.149.80:8001/upstreams/ups-v504-bescore_portal/targets -d 'target=172.24.148.102:31010' | V6: =IF(J6="","","curl -X POST " & $Q6 & "/upstreams/"& $F6 &"/targets -d 'target="& J6 & "'") -> curl -X POST http://172.24.149.80:8001/upstreams/ups-v504-bescore_portal/targets -d 'target=172.24.148.103:31010' | W6: =IF(K6="","","curl -X POST " & $Q6 & "/upstreams/"& $F6 &"/targets -d 'target="& K6 & "'") -> curl -X POST http://172.24.149.80:8001/upstreams/ups-v504-bescore_portal/targets -d 'target=172.24.148.104:31010' | X6: =IF(L6="","","curl -X POST " & $Q6 & "/upstreams/"& $F6 &"/targets -d 'target="& L6 & "'") | Y6: =IF(M6="","","curl -X POST " & $Q6 & "/upstreams/"& $F6 &"/targets -d 'target="& M6 & "'") | Z6: =IF(N6="","","curl -X POST " & $Q6 & "/upstreams/"& $F6 &"/targets -d 'target="& N6 & "'")
A7: =IF(ISNUMBER(SEARCH("rest_api",svc!R7)),1,0) -> 0 | C7: =svc!D7 -> dmz | D7: =svc!$B7 -> v504 | E7: =svc!G7 -> 31028 | F7: =CONCATENATE("ups-",svc!$B7,"-",svc!I7) -> ups-v504-ccms_portal | G7: =CONCATENATE("svc-",svc!$B7,"-",svc!I7) -> svc-v504-ccms_portal | H7: =CONCATENATE("route-",VLOOKUP($D7,kong_np_var!$B$10:$D$16,2,FALSE),"-",svc!$B7,"-",svc!I7) -> route-v510-v504-ccms_portal | I7: =CONCATENATE(VLOOKUP($D7,kong_np_var!$B$20:$H$26,SUBSTITUTE(I$1,"target_","") + 1,FALSE),":",$E7) -> 172.24.148.102:31028 | J7: =CONCATENATE(VLOOKUP($D7,kong_np_var!$B$20:$H$26,SUBSTITUTE(J$1,"target_","") + 1,FALSE),":",$E7) -> 172.24.148.103:31028 | K7: =CONCATENATE(VLOOKUP($D7,kong_np_var!$B$20:$H$26,SUBSTITUTE(K$1,"target_","") + 1,FALSE),":",$E7) -> 172.24.148.104:31028 | L7: =IF($C7="dmz","",CONCATENATE(VLOOKUP($D7,kong_np_var!$B$20:$H$26,SUBSTITUTE(L$1,"target_","") + 1,FALSE),":",$E7)) | M7: =IF($C7="dmz","",CONCATENATE(VLOOKUP($D7,kong_np_var!$B$20:$H$26,SUBSTITUTE(M$1,"target_","") + 1,FALSE),":",$E7)) | N7: =IF($C7="dmz","",CONCATENATE(VLOOKUP($D7,kong_np_var!$B$20:$H$26,SUBSTITUTE(N$1,"target_","") + 1,FALSE),":",$E7)) | O7: =VLOOKUP($D7,kong_np_var!$B$10:$D$16,3,FALSE) -> 172.24.148.71 | P7: =CONCATENATE("/",C7,MID(D7,2,15),"/",svc!$I7) -> /dmz504/ccms_portal | Q7: =VLOOKUP(C7,kong_np_var!$B$6:$C$7,2,FALSE) -> http://172.24.149.80:8001 | R7: =SUBSTITUTE(SUBSTITUTE(kong_np_var!$J$1,"<upstream_name>",$F7),"<kong_api_url>",$Q7) -> curl -X PUT http://172.24.149.80:8001/upstreams/ups-v504-ccms_portal | S7: =SUBSTITUTE(SUBSTITUTE(SUBSTITUTE(SUBSTITUTE(kong_np_var!$J$2,"<kong_api_url>",$Q7),"<upstream_name>",$F7),"<port>",$E7),"<service_name>",$G7) -> curl -X PUT http://172.24.149.80:8001/services/svc-v504-ccms_portal -H "Content-Type: application/json" -d '{"protocol":"http","host":"ups-v504-ccms_portal","port":31028}' | T7: =SUBSTITUTE(SUBSTITUTE(SUBSTITUTE(SUBSTITUTE(SUBSTITUTE(kong_np_var!$J$3,"<kong_api_url>",$Q7),"<route_name>",$H7),"<service_name>",$G7),"<host>",$O7),"<path>",$P7) -> curl -X PUT http://172.24.149.80:8001/services/svc-v504-ccms_portal/routes/route-v510-v504-ccms_portal -H "Content-Type: application/json" -d '{"protocols":["http"],"hosts":["172.24.148.71"],"paths":["/dmz504/ccms_portal"]}' | U7: =IF(I7="","","curl -X POST " & $Q7 & "/upstreams/"& $F7 &"/targets -d 'target="& I7 & "'") -> curl -X POST http://172.24.149.80:8001/upstreams/ups-v504-ccms_portal/targets -d 'target=172.24.148.102:31028' | V7: =IF(J7="","","curl -X POST " & $Q7 & "/upstreams/"& $F7 &"/targets -d 'target="& J7 & "'") -> curl -X POST http://172.24.149.80:8001/upstreams/ups-v504-ccms_portal/targets -d 'target=172.24.148.103:31028' | W7: =IF(K7="","","curl -X POST " & $Q7 & "/upstreams/"& $F7 &"/targets -d 'target="& K7 & "'") -> curl -X POST http://172.24.149.80:8001/upstreams/ups-v504-ccms_portal/targets -d 'target=172.24.148.104:31028' | X7: =IF(L7="","","curl -X POST " & $Q7 & "/upstreams/"& $F7 &"/targets -d 'target="& L7 & "'") | Y7: =IF(M7="","","curl -X POST " & $Q7 & "/upstreams/"& $F7 &"/targets -d 'target="& M7 & "'") | Z7: =IF(N7="","","curl -X POST " & $Q7 & "/upstreams/"& $F7 &"/targets -d 'target="& N7 & "'")
A8: =IF(ISNUMBER(SEARCH("rest_api",svc!R8)),1,0) -> 0 | C8: =svc!D8 -> dmz | D8: =svc!$B8 -> v504 | E8: =svc!G8 -> 31028 | F8: =CONCATENATE("ups-",svc!$B8,"-",svc!I8) -> ups-v504-ccms_portal | G8: =CONCATENATE("svc-",svc!$B8,"-",svc!I8) -> svc-v504-ccms_portal | H8: =CONCATENATE("route-",VLOOKUP($D8,kong_np_var!$B$10:$D$16,2,FALSE),"-",svc!$B8,"-",svc!I8) -> route-v510-v504-ccms_portal | I8: =CONCATENATE(VLOOKUP($D8,kong_np_var!$B$20:$H$26,SUBSTITUTE(I$1,"target_","") + 1,FALSE),":",$E8) -> 172.24.148.102:31028 | J8: =CONCATENATE(VLOOKUP($D8,kong_np_var!$B$20:$H$26,SUBSTITUTE(J$1,"target_","") + 1,FALSE),":",$E8) -> 172.24.148.103:31028 | K8: =CONCATENATE(VLOOKUP($D8,kong_np_var!$B$20:$H$26,SUBSTITUTE(K$1,"target_","") + 1,FALSE),":",$E8) -> 172.24.148.104:31028 | L8: =IF($C8="dmz","",CONCATENATE(VLOOKUP($D8,kong_np_var!$B$20:$H$26,SUBSTITUTE(L$1,"target_","") + 1,FALSE),":",$E8)) | M8: =IF($C8="dmz","",CONCATENATE(VLOOKUP($D8,kong_np_var!$B$20:$H$26,SUBSTITUTE(M$1,"target_","") + 1,FALSE),":",$E8)) | N8: =IF($C8="dmz","",CONCATENATE(VLOOKUP($D8,kong_np_var!$B$20:$H$26,SUBSTITUTE(N$1,"target_","") + 1,FALSE),":",$E8)) | O8: =VLOOKUP($D8,kong_np_var!$B$10:$D$16,3,FALSE) -> 172.24.148.71 | P8: =CONCATENATE("/",C8,MID(D8,2,15),"/",svc!$I8) -> /dmz504/ccms_portal | Q8: =VLOOKUP(C8,kong_np_var!$B$6:$C$7,2,FALSE) -> http://172.24.149.80:8001 | R8: =SUBSTITUTE(SUBSTITUTE(kong_np_var!$J$1,"<upstream_name>",$F8),"<kong_api_url>",$Q8) -> curl -X PUT http://172.24.149.80:8001/upstreams/ups-v504-ccms_portal | S8: =SUBSTITUTE(SUBSTITUTE(SUBSTITUTE(SUBSTITUTE(kong_np_var!$J$2,"<kong_api_url>",$Q8),"<upstream_name>",$F8),"<port>",$E8),"<service_name>",$G8) -> curl -X PUT http://172.24.149.80:8001/services/svc-v504-ccms_portal -H "Content-Type: application/json" -d '{"protocol":"http","host":"ups-v504-ccms_portal","port":31028}' | T8: =SUBSTITUTE(SUBSTITUTE(SUBSTITUTE(SUBSTITUTE(SUBSTITUTE(kong_np_var!$J$3,"<kong_api_url>",$Q8),"<route_name>",$H8),"<service_name>",$G8),"<host>",$O8),"<path>",$P8) -> curl -X PUT http://172.24.149.80:8001/services/svc-v504-ccms_portal/routes/route-v510-v504-ccms_portal -H "Content-Type: application/json" -d '{"protocols":["http"],"hosts":["172.24.148.71"],"paths":["/dmz504/ccms_portal"]}' | U8: =IF(I8="","","curl -X POST " & $Q8 & "/upstreams/"& $F8 &"/targets -d 'target="& I8 & "'") -> curl -X POST http://172.24.149.80:8001/upstreams/ups-v504-ccms_portal/targets -d 'target=172.24.148.102:31028' | V8: =IF(J8="","","curl -X POST " & $Q8 & "/upstreams/"& $F8 &"/targets -d 'target="& J8 & "'") -> curl -X POST http://172.24.149.80:8001/upstreams/ups-v504-ccms_portal/targets -d 'target=172.24.148.103:31028' | W8: =IF(K8="","","curl -X POST " & $Q8 & "/upstreams/"& $F8 &"/targets -d 'target="& K8 & "'") -> curl -X POST http://172.24.149.80:8001/upstreams/ups-v504-ccms_portal/targets -d 'target=172.24.148.104:31028' | X8: =IF(L8="","","curl -X POST " & $Q8 & "/upstreams/"& $F8 &"/targets -d 'target="& L8 & "'") | Y8: =IF(M8="","","curl -X POST " & $Q8 & "/upstreams/"& $F8 &"/targets -d 'target="& M8 & "'") | Z8: =IF(N8="","","curl -X POST " & $Q8 & "/upstreams/"& $F8 &"/targets -d 'target="& N8 & "'")
A9: =IF(ISNUMBER(SEARCH("rest_api",svc!R9)),1,0) -> 1 | C9: =svc!D9 -> dmz | D9: =svc!$B9 -> v904 | E9: =svc!G9 -> 31211 | F9: =CONCATENATE("ups-",svc!$B9,"-",svc!I9) -> ups-v904-ccs_middleware | G9: =CONCATENATE("svc-",svc!$B9,"-",svc!I9) -> svc-v904-ccs_middleware | H9: =CONCATENATE("route-",VLOOKUP($D9,kong_np_var!$B$10:$D$16,2,FALSE),"-",svc!$B9,"-",svc!I9) -> route-v910-v904-ccs_middleware | I9: =CONCATENATE(VLOOKUP($D9,kong_np_var!$B$20:$H$26,SUBSTITUTE(I$1,"target_","") + 1,FALSE),":",$E9) -> 172.24.149.102:31211 | J9: =CONCATENATE(VLOOKUP($D9,kong_np_var!$B$20:$H$26,SUBSTITUTE(J$1,"target_","") + 1,FALSE),":",$E9) -> 172.24.149.103:31211 | K9: =CONCATENATE(VLOOKUP($D9,kong_np_var!$B$20:$H$26,SUBSTITUTE(K$1,"target_","") + 1,FALSE),":",$E9) -> 172.24.149.104:31211 | L9: =IF($C9="dmz","",CONCATENATE(VLOOKUP($D9,kong_np_var!$B$20:$H$26,SUBSTITUTE(L$1,"target_","") + 1,FALSE),":",$E9)) | M9: =IF($C9="dmz","",CONCATENATE(VLOOKUP($D9,kong_np_var!$B$20:$H$26,SUBSTITUTE(M$1,"target_","") + 1,FALSE),":",$E9)) | N9: =IF($C9="dmz","",CONCATENATE(VLOOKUP($D9,kong_np_var!$B$20:$H$26,SUBSTITUTE(N$1,"target_","") + 1,FALSE),":",$E9)) | O9: =VLOOKUP($D9,kong_np_var!$B$10:$D$16,3,FALSE) -> 172.24.150.39 | P9: =CONCATENATE("/",C9,MID(D9,2,15),"/",svc!$I9) -> /dmz904/ccs_middleware | Q9: =VLOOKUP(C9,kong_np_var!$B$6:$C$7,2,FALSE) -> http://172.24.149.80:8001 | R9: =SUBSTITUTE(SUBSTITUTE(kong_np_var!$J$1,"<upstream_name>",$F9),"<kong_api_url>",$Q9) -> curl -X PUT http://172.24.149.80:8001/upstreams/ups-v904-ccs_middleware | S9: =SUBSTITUTE(SUBSTITUTE(SUBSTITUTE(SUBSTITUTE(kong_np_var!$J$2,"<kong_api_url>",$Q9),"<upstream_name>",$F9),"<port>",$E9),"<service_name>",$G9) -> curl -X PUT http://172.24.149.80:8001/services/svc-v904-ccs_middleware -H "Content-Type: application/json" -d '{"protocol":"http","host":"ups-v904-ccs_middleware","port":31211}' | T9: =SUBSTITUTE(SUBSTITUTE(SUBSTITUTE(SUBSTITUTE(SUBSTITUTE(kong_np_var!$J$3,"<kong_api_url>",$Q9),"<route_name>",$H9),"<service_name>",$G9),"<host>",$O9),"<path>",$P9) -> curl -X PUT http://172.24.149.80:8001/services/svc-v904-ccs_middleware/routes/route-v910-v904-ccs_middleware -H "Content-Type: application/json" -d '{"protocols":["http"],"hosts":["172.24.150.39"],"paths":["/dmz904/ccs_middleware"]}' | U9: =IF(I9="","","curl -X POST " & $Q9 & "/upstreams/"& $F9 &"/targets -d 'target="& I9 & "'") -> curl -X POST http://172.24.149.80:8001/upstreams/ups-v904-ccs_middleware/targets -d 'target=172.24.149.102:31211' | V9: =IF(J9="","","curl -X POST " & $Q9 & "/upstreams/"& $F9 &"/targets -d 'target="& J9 & "'") -> curl -X POST http://172.24.149.80:8001/upstreams/ups-v904-ccs_middleware/targets -d 'target=172.24.149.103:31211' | W9: =IF(K9="","","curl -X POST " & $Q9 & "/upstreams/"& $F9 &"/targets -d 'target="& K9 & "'") -> curl -X POST http://172.24.149.80:8001/upstreams/ups-v904-ccs_middleware/targets -d 'target=172.24.149.104:31211' | X9: =IF(L9="","","curl -X POST " & $Q9 & "/upstreams/"& $F9 &"/targets -d 'target="& L9 & "'") | Y9: =IF(M9="","","curl -X POST " & $Q9 & "/upstreams/"& $F9 &"/targets -d 'target="& M9 & "'") | Z9: =IF(N9="","","curl -X POST " & $Q9 & "/upstreams/"& $F9 &"/targets -d 'target="& N9 & "'")
A10: =IF(ISNUMBER(SEARCH("rest_api",svc!R10)),1,0) -> 1 | C10: =svc!D10 -> dmz | D10: =svc!$B10 -> v630 | E10: =svc!G10 -> 31119 | F10: =CONCATENATE("ups-",svc!$B10,"-",svc!I10) -> ups-v630-das_middleware | G10: =CONCATENATE("svc-",svc!$B10,"-",svc!I10) -> svc-v630-das_middleware | H10: =CONCATENATE("route-",VLOOKUP($D10,kong_np_var!$B$10:$D$16,2,FALSE),"-",svc!$B10,"-",svc!I10) -> route-v510-v630-das_middleware | I10: =CONCATENATE(VLOOKUP($D10,kong_np_var!$B$20:$H$26,SUBSTITUTE(I$1,"target_","") + 1,FALSE),":",$E10) -> 172.24.151.109:31119 | J10: =CONCATENATE(VLOOKUP($D10,kong_np_var!$B$20:$H$26,SUBSTITUTE(J$1,"target_","") + 1,FALSE),":",$E10) -> 172.24.151.110:31119 | K10: =CONCATENATE(VLOOKUP($D10,kong_np_var!$B$20:$H$26,SUBSTITUTE(K$1,"target_","") + 1,FALSE),":",$E10) -> 172.24.151.111:31119 | L10: =IF($C10="dmz","",CONCATENATE(VLOOKUP($D10,kong_np_var!$B$20:$H$26,SUBSTITUTE(L$1,"target_","") + 1,FALSE),":",$E10)) | M10: =IF($C10="dmz","",CONCATENATE(VLOOKUP($D10,kong_np_var!$B$20:$H$26,SUBSTITUTE(M$1,"target_","") + 1,FALSE),":",$E10)) | N10: =IF($C10="dmz","",CONCATENATE(VLOOKUP($D10,kong_np_var!$B$20:$H$26,SUBSTITUTE(N$1,"target_","") + 1,FALSE),":",$E10)) | O10: =VLOOKUP($D10,kong_np_var!$B$10:$D$16,3,FALSE) -> 172.24.150.71 | P10: =CONCATENATE("/",C10,MID(D10,2,15),"/",svc!$I10) -> /dmz630/das_middleware | Q10: =VLOOKUP(C10,kong_np_var!$B$6:$C$7,2,FALSE) -> http://172.24.149.80:8001 | R10: =SUBSTITUTE(SUBSTITUTE(kong_np_var!$J$1,"<upstream_name>",$F10),"<kong_api_url>",$Q10) -> curl -X PUT http://172.24.149.80:8001/upstreams/ups-v630-das_middleware | S10: =SUBSTITUTE(SUBSTITUTE(SUBSTITUTE(SUBSTITUTE(kong_np_var!$J$2,"<kong_api_url>",$Q10),"<upstream_name>",$F10),"<port>",$E10),"<service_name>",$G10) -> curl -X PUT http://172.24.149.80:8001/services/svc-v630-das_middleware -H "Content-Type: application/json" -d '{"protocol":"http","host":"ups-v630-das_middleware","port":31119}' | T10: =SUBSTITUTE(SUBSTITUTE(SUBSTITUTE(SUBSTITUTE(SUBSTITUTE(kong_np_var!$J$3,"<kong_api_url>",$Q10),"<route_name>",$H10),"<service_name>",$G10),"<host>",$O10),"<path>",$P10) -> curl -X PUT http://172.24.149.80:8001/services/svc-v630-das_middleware/routes/route-v510-v630-das_middleware -H "Content-Type: application/json" -d '{"protocols":["http"],"hosts":["172.24.150.71"],"paths":["/dmz630/das_middleware"]}' | U10: =IF(I10="","","curl -X POST " & $Q10 & "/upstreams/"& $F10 &"/targets -d 'target="& I10 & "'") -> curl -X POST http://172.24.149.80:8001/upstreams/ups-v630-das_middleware/targets -d 'target=172.24.151.109:31119' | V10: =IF(J10="","","curl -X POST " & $Q10 & "/upstreams/"& $F10 &"/targets -d 'target="& J10 & "'") -> curl -X POST http://172.24.149.80:8001/upstreams/ups-v630-das_middleware/targets -d 'target=172.24.151.110:31119' | W10: =IF(K10="","","curl -X POST " & $Q10 & "/upstreams/"& $F10 &"/targets -d 'target="& K10 & "'") -> curl -X POST http://172.24.149.80:8001/upstreams/ups-v630-das_middleware/targets -d 'target=172.24.151.111:31119' | X10: =IF(L10="","","curl -X POST " & $Q10 & "/upstreams/"& $F10 &"/targets -d 'target="& L10 & "'") | Y10: =IF(M10="","","curl -X POST " & $Q10 & "/upstreams/"& $F10 &"/targets -d 'target="& M10 & "'") | Z10: =IF(N10="","","curl -X POST " & $Q10 & "/upstreams/"& $F10 &"/targets -d 'target="& N10 & "'")
A11: =IF(ISNUMBER(SEARCH("rest_api",svc!R109)),1,0) -> 1 | C11: =svc!D109 -> dmz | D11: =svc!$B109 -> v630 | E11: =svc!G109 -> 31129 | F11: =CONCATENATE("ups-",svc!$B109,"-",svc!I109) -> ups-v630-das_middleware_video | G11: =CONCATENATE("svc-",svc!$B109,"-",svc!I109) -> svc-v630-das_middleware_video | H11: =CONCATENATE("route-",VLOOKUP($D11,kong_np_var!$B$10:$D$16,2,FALSE),"-",svc!$B109,"-",svc!I109) -> route-v510-v630-das_middleware_video | I11: =CONCATENATE(VLOOKUP($D11,kong_np_var!$B$20:$H$26,SUBSTITUTE(I$1,"target_","") + 1,FALSE),":",$E11) -> 172.24.151.109:31129 | J11: =CONCATENATE(VLOOKUP($D11,kong_np_var!$B$20:$H$26,SUBSTITUTE(J$1,"target_","") + 1,FALSE),":",$E11) -> 172.24.151.110:31129 | K11: =CONCATENATE(VLOOKUP($D11,kong_np_var!$B$20:$H$26,SUBSTITUTE(K$1,"target_","") + 1,FALSE),":",$E11) -> 172.24.151.111:31129 | L11: =IF($C11="dmz","",CONCATENATE(VLOOKUP($D11,kong_np_var!$B$20:$H$26,SUBSTITUTE(L$1,"target_","") + 1,FALSE),":",$E11)) | M11: =IF($C11="dmz","",CONCATENATE(VLOOKUP($D11,kong_np_var!$B$20:$H$26,SUBSTITUTE(M$1,"target_","") + 1,FALSE),":",$E11)) | N11: =IF($C11="dmz","",CONCATENATE(VLOOKUP($D11,kong_np_var!$B$20:$H$26,SUBSTITUTE(N$1,"target_","") + 1,FALSE),":",$E11)) | O11: =VLOOKUP($D11,kong_np_var!$B$10:$D$16,3,FALSE) -> 172.24.150.71 | P11: =CONCATENATE("/",C11,MID(D11,2,15),"/",svc!$I109) -> /dmz630/das_middleware_video | Q11: =VLOOKUP(C11,kong_np_var!$B$6:$C$7,2,FALSE) -> http://172.24.149.80:8001 | R11: =SUBSTITUTE(SUBSTITUTE(kong_np_var!$J$1,"<upstream_name>",$F11),"<kong_api_url>",$Q11) -> curl -X PUT http://172.24.149.80:8001/upstreams/ups-v630-das_middleware_video | S11: =SUBSTITUTE(SUBSTITUTE(SUBSTITUTE(SUBSTITUTE(kong_np_var!$J$2,"<kong_api_url>",$Q11),"<upstream_name>",$F11),"<port>",$E11),"<service_name>",$G11) -> curl -X PUT http://172.24.149.80:8001/services/svc-v630-das_middleware_video -H "Content-Type: application/json" -d '{"protocol":"http","host":"ups-v630-das_middleware_video","port":31129}' | T11: =SUBSTITUTE(SUBSTITUTE(SUBSTITUTE(SUBSTITUTE(SUBSTITUTE(kong_np_var!$J$3,"<kong_api_url>",$Q11),"<route_name>",$H11),"<service_name>",$G11),"<host>",$O11),"<path>",$P11) -> curl -X PUT http://172.24.149.80:8001/services/svc-v630-das_middleware_video/routes/route-v510-v630-das_middleware_video -H "Content-Type: application/json" -d '{"protocols":["http"],"hosts":["172.24.150.71"],"paths":["/dmz630/das_middleware_video"]}' | U11: =IF(I11="","","curl -X POST " & $Q11 & "/upstreams/"& $F11 &"/targets -d 'target="& I11 & "'") -> curl -X POST http://172.24.149.80:8001/upstreams/ups-v630-das_middleware_video/targets -d 'target=172.24.151.109:31129' | V11: =IF(J11="","","curl -X POST " & $Q11 & "/upstreams/"& $F11 &"/targets -d 'target="& J11 & "'") -> curl -X POST http://172.24.149.80:8001/upstreams/ups-v630-das_middleware_video/targets -d 'target=172.24.151.110:31129' | W11: =IF(K11="","","curl -X POST " & $Q11 & "/upstreams/"& $F11 &"/targets -d 'target="& K11 & "'") -> curl -X POST http://172.24.149.80:8001/upstreams/ups-v630-das_middleware_video/targets -d 'target=172.24.151.111:31129' | X11: =IF(L11="","","curl -X POST " & $Q11 & "/upstreams/"& $F11 &"/targets -d 'target="& L11 & "'") | Y11: =IF(M11="","","curl -X POST " & $Q11 & "/upstreams/"& $F11 &"/targets -d 'target="& M11 & "'") | Z11: =IF(N11="","","curl -X POST " & $Q11 & "/upstreams/"& $F11 &"/targets -d 'target="& N11 & "'")
A12: =IF(ISNUMBER(SEARCH("rest_api",svc!R11)),1,0) -> 0 | C12: =svc!D11 -> dmz | D12: =svc!$B11 -> v504 | E12: =svc!G11 -> 31013 | F12: =CONCATENATE("ups-",svc!$B11,"-",svc!I11) -> ups-v504-ecms_portal | G12: =CONCATENATE("svc-",svc!$B11,"-",svc!I11) -> svc-v504-ecms_portal | H12: =CONCATENATE("route-",VLOOKUP($D12,kong_np_var!$B$10:$D$16,2,FALSE),"-",svc!$B11,"-",svc!I11) -> route-v510-v504-ecms_portal | I12: =CONCATENATE(VLOOKUP($D12,kong_np_var!$B$20:$H$26,SUBSTITUTE(I$1,"target_","") + 1,FALSE),":",$E12) -> 172.24.148.102:31013 | J12: =CONCATENATE(VLOOKUP($D12,kong_np_var!$B$20:$H$26,SUBSTITUTE(J$1,"target_","") + 1,FALSE),":",$E12) -> 172.24.148.103:31013 | K12: =CONCATENATE(VLOOKUP($D12,kong_np_var!$B$20:$H$26,SUBSTITUTE(K$1,"target_","") + 1,FALSE),":",$E12) -> 172.24.148.104:31013 | L12: =IF($C12="dmz","",CONCATENATE(VLOOKUP($D12,kong_np_var!$B$20:$H$26,SUBSTITUTE(L$1,"target_","") + 1,FALSE),":",$E12)) | M12: =IF($C12="dmz","",CONCATENATE(VLOOKUP($D12,kong_np_var!$B$20:$H$26,SUBSTITUTE(M$1,"target_","") + 1,FALSE),":",$E12)) | N12: =IF($C12="dmz","",CONCATENATE(VLOOKUP($D12,kong_np_var!$B$20:$H$26,SUBSTITUTE(N$1,"target_","") + 1,FALSE),":",$E12)) | O12: =VLOOKUP($D12,kong_np_var!$B$10:$D$16,3,FALSE) -> 172.24.148.71 | P12: =CONCATENATE("/",C12,MID(D12,2,15),"/",svc!$I11) -> /dmz504/ecms_portal | Q12: =VLOOKUP(C12,kong_np_var!$B$6:$C$7,2,FALSE) -> http://172.24.149.80:8001 | R12: =SUBSTITUTE(SUBSTITUTE(kong_np_var!$J$1,"<upstream_name>",$F12),"<kong_api_url>",$Q12) -> curl -X PUT http://172.24.149.80:8001/upstreams/ups-v504-ecms_portal | S12: =SUBSTITUTE(SUBSTITUTE(SUBSTITUTE(SUBSTITUTE(kong_np_var!$J$2,"<kong_api_url>",$Q12),"<upstream_name>",$F12),"<port>",$E12),"<service_name>",$G12) -> curl -X PUT http://172.24.149.80:8001/services/svc-v504-ecms_portal -H "Content-Type: application/json" -d '{"protocol":"http","host":"ups-v504-ecms_portal","port":31013}' | T12: =SUBSTITUTE(SUBSTITUTE(SUBSTITUTE(SUBSTITUTE(SUBSTITUTE(kong_np_var!$J$3,"<kong_api_url>",$Q12),"<route_name>",$H12),"<service_name>",$G12),"<host>",$O12),"<path>",$P12) -> curl -X PUT http://172.24.149.80:8001/services/svc-v504-ecms_portal/routes/route-v510-v504-ecms_portal -H "Content-Type: application/json" -d '{"protocols":["http"],"hosts":["172.24.148.71"],"paths":["/dmz504/ecms_portal"]}' | U12: =IF(I12="","","curl -X POST " & $Q12 & "/upstreams/"& $F12 &"/targets -d 'target="& I12 & "'") -> curl -X POST http://172.24.149.80:8001/upstreams/ups-v504-ecms_portal/targets -d 'target=172.24.148.102:31013' | V12: =IF(J12="","","curl -X POST " & $Q12 & "/upstreams/"& $F12 &"/targets -d 'target="& J12 & "'") -> curl -X POST http://172.24.149.80:8001/upstreams/ups-v504-ecms_portal/targets -d 'target=172.24.148.103:31013' | W12: =IF(K12="","","curl -X POST " & $Q12 & "/upstreams/"& $F12 &"/targets -d 'target="& K12 & "'") -> curl -X POST http://172.24.149.80:8001/upstreams/ups-v504-ecms_portal/targets -d 'target=172.24.148.104:31013' | X12: =IF(L12="","","curl -X POST " & $Q12 & "/upstreams/"& $F12 &"/targets -d 'target="& L12 & "'") | Y12: =IF(M12="","","curl -X POST " & $Q12 & "/upstreams/"& $F12 &"/targets -d 'target="& M12 & "'") | Z12: =IF(N12="","","curl -X POST " & $Q12 & "/upstreams/"& $F12 &"/targets -d 'target="& N12 & "'")
A13: =IF(ISNUMBER(SEARCH("rest_api",svc!R12)),1,0) -> 0 | C13: =svc!D12 -> dmz | D13: =svc!$B12 -> v504 | E13: =svc!G12 -> 31013 | F13: =CONCATENATE("ups-",svc!$B12,"-",svc!I12) -> ups-v504-ecms_portal | G13: =CONCATENATE("svc-",svc!$B12,"-",svc!I12) -> svc-v504-ecms_portal | H13: =CONCATENATE("route-",VLOOKUP($D13,kong_np_var!$B$10:$D$16,2,FALSE),"-",svc!$B12,"-",svc!I12) -> route-v510-v504-ecms_portal | I13: =CONCATENATE(VLOOKUP($D13,kong_np_var!$B$20:$H$26,SUBSTITUTE(I$1,"target_","") + 1,FALSE),":",$E13) -> 172.24.148.102:31013 | J13: =CONCATENATE(VLOOKUP($D13,kong_np_var!$B$20:$H$26,SUBSTITUTE(J$1,"target_","") + 1,FALSE),":",$E13) -> 172.24.148.103:31013 | K13: =CONCATENATE(VLOOKUP($D13,kong_np_var!$B$20:$H$26,SUBSTITUTE(K$1,"target_","") + 1,FALSE),":",$E13) -> 172.24.148.104:31013 | L13: =IF($C13="dmz","",CONCATENATE(VLOOKUP($D13,kong_np_var!$B$20:$H$26,SUBSTITUTE(L$1,"target_","") + 1,FALSE),":",$E13)) | M13: =IF($C13="dmz","",CONCATENATE(VLOOKUP($D13,kong_np_var!$B$20:$H$26,SUBSTITUTE(M$1,"target_","") + 1,FALSE),":",$E13)) | N13: =IF($C13="dmz","",CONCATENATE(VLOOKUP($D13,kong_np_var!$B$20:$H$26,SUBSTITUTE(N$1,"target_","") + 1,FALSE),":",$E13)) | O13: =VLOOKUP($D13,kong_np_var!$B$10:$D$16,3,FALSE) -> 172.24.148.71 | P13: =CONCATENATE("/",C13,MID(D13,2,15),"/",svc!$I12) -> /dmz504/ecms_portal | Q13: =VLOOKUP(C13,kong_np_var!$B$6:$C$7,2,FALSE) -> http://172.24.149.80:8001 | R13: =SUBSTITUTE(SUBSTITUTE(kong_np_var!$J$1,"<upstream_name>",$F13),"<kong_api_url>",$Q13) -> curl -X PUT http://172.24.149.80:8001/upstreams/ups-v504-ecms_portal | S13: =SUBSTITUTE(SUBSTITUTE(SUBSTITUTE(SUBSTITUTE(kong_np_var!$J$2,"<kong_api_url>",$Q13),"<upstream_name>",$F13),"<port>",$E13),"<service_name>",$G13) -> curl -X PUT http://172.24.149.80:8001/services/svc-v504-ecms_portal -H "Content-Type: application/json" -d '{"protocol":"http","host":"ups-v504-ecms_portal","port":31013}' | T13: =SUBSTITUTE(SUBSTITUTE(SUBSTITUTE(SUBSTITUTE(SUBSTITUTE(kong_np_var!$J$3,"<kong_api_url>",$Q13),"<route_name>",$H13),"<service_name>",$G13),"<host>",$O13),"<path>",$P13) -> curl -X PUT http://172.24.149.80:8001/services/svc-v504-ecms_portal/routes/route-v510-v504-ecms_portal -H "Content-Type: application/json" -d '{"protocols":["http"],"hosts":["172.24.148.71"],"paths":["/dmz504/ecms_portal"]}' | U13: =IF(I13="","","curl -X POST " & $Q13 & "/upstreams/"& $F13 &"/targets -d 'target="& I13 & "'") -> curl -X POST http://172.24.149.80:8001/upstreams/ups-v504-ecms_portal/targets -d 'target=172.24.148.102:31013' | V13: =IF(J13="","","curl -X POST " & $Q13 & "/upstreams/"& $F13 &"/targets -d 'target="& J13 & "'") -> curl -X POST http://172.24.149.80:8001/upstreams/ups-v504-ecms_portal/targets -d 'target=172.24.148.103:31013' | W13: =IF(K13="","","curl -X POST " & $Q13 & "/upstreams/"& $F13 &"/targets -d 'target="& K13 & "'") -> curl -X POST http://172.24.149.80:8001/upstreams/ups-v504-ecms_portal/targets -d 'target=172.24.148.104:31013' | X13: =IF(L13="","","curl -X POST " & $Q13 & "/upstreams/"& $F13 &"/targets -d 'target="& L13 & "'") | Y13: =IF(M13="","","curl -X POST " & $Q13 & "/upstreams/"& $F13 &"/targets -d 'target="& M13 & "'") | Z13: =IF(N13="","","curl -X POST " & $Q13 & "/upstreams/"& $F13 &"/targets -d 'target="& N13 & "'")
A14: =IF(ISNUMBER(SEARCH("rest_api",svc!R13)),1,0) -> 0 | C14: =svc!D13 -> dmz | D14: =svc!$B13 -> v804 | E14: =svc!G13 -> 31029 | F14: =CONCATENATE("ups-",svc!$B13,"-",svc!I13) -> ups-v804-ffts_web | G14: =CONCATENATE("svc-",svc!$B13,"-",svc!I13) -> svc-v804-ffts_web | H14: =CONCATENATE("route-",VLOOKUP($D14,kong_np_var!$B$10:$D$16,2,FALSE),"-",svc!$B13,"-",svc!I13) -> route-v810-v804-ffts_web | I14: =CONCATENATE(VLOOKUP($D14,kong_np_var!$B$20:$H$26,SUBSTITUTE(I$1,"target_","") + 1,FALSE),":",$E14) -> 172.24.149.70:31029 | J14: =CONCATENATE(VLOOKUP($D14,kong_np_var!$B$20:$H$26,SUBSTITUTE(J$1,"target_","") + 1,FALSE),":",$E14) -> 172.24.149.71:31029 | K14: =CONCATENATE(VLOOKUP($D14,kong_np_var!$B$20:$H$26,SUBSTITUTE(K$1,"target_","") + 1,FALSE),":",$E14) -> 172.24.149.72:31029 | L14: =IF($C14="dmz","",CONCATENATE(VLOOKUP($D14,kong_np_var!$B$20:$H$26,SUBSTITUTE(L$1,"target_","") + 1,FALSE),":",$E14)) | M14: =IF($C14="dmz","",CONCATENATE(VLOOKUP($D14,kong_np_var!$B$20:$H$26,SUBSTITUTE(M$1,"target_","") + 1,FALSE),":",$E14)) | N14: =IF($C14="dmz","",CONCATENATE(VLOOKUP($D14,kong_np_var!$B$20:$H$26,SUBSTITUTE(N$1,"target_","") + 1,FALSE),":",$E14)) | O14: =VLOOKUP($D14,kong_np_var!$B$10:$D$16,3,FALSE) -> 172.24.151.71 | P14: =CONCATENATE("/",C14,MID(D14,2,15),"/",svc!$I13) -> /dmz804/ffts_web | Q14: =VLOOKUP(C14,kong_np_var!$B$6:$C$7,2,FALSE) -> http://172.24.149.80:8001 | R14: =SUBSTITUTE(SUBSTITUTE(kong_np_var!$J$1,"<upstream_name>",$F14),"<kong_api_url>",$Q14) -> curl -X PUT http://172.24.149.80:8001/upstreams/ups-v804-ffts_web | S14: =SUBSTITUTE(SUBSTITUTE(SUBSTITUTE(SUBSTITUTE(kong_np_var!$J$2,"<kong_api_url>",$Q14),"<upstream_name>",$F14),"<port>",$E14),"<service_name>",$G14) -> curl -X PUT http://172.24.149.80:8001/services/svc-v804-ffts_web -H "Content-Type: application/json" -d '{"protocol":"http","host":"ups-v804-ffts_web","port":31029}' | T14: =SUBSTITUTE(SUBSTITUTE(SUBSTITUTE(SUBSTITUTE(SUBSTITUTE(kong_np_var!$J$3,"<kong_api_url>",$Q14),"<route_name>",$H14),"<service_name>",$G14),"<host>",$O14),"<path>",$P14) -> curl -X PUT http://172.24.149.80:8001/services/svc-v804-ffts_web/routes/route-v810-v804-ffts_web -H "Content-Type: application/json" -d '{"protocols":["http"],"hosts":["172.24.151.71"],"paths":["/dmz804/ffts_web"]}' | U14: =IF(I14="","","curl -X POST " & $Q14 & "/upstreams/"& $F14 &"/targets -d 'target="& I14 & "'") -> curl -X POST http://172.24.149.80:8001/upstreams/ups-v804-ffts_web/targets -d 'target=172.24.149.70:31029' | V14: =IF(J14="","","curl -X POST " & $Q14 & "/upstreams/"& $F14 &"/targets -d 'target="& J14 & "'") -> curl -X POST http://172.24.149.80:8001/upstreams/ups-v804-ffts_web/targets -d 'target=172.24.149.71:31029' | W14: =IF(K14="","","curl -X POST " & $Q14 & "/upstreams/"& $F14 &"/targets -d 'target="& K14 & "'") -> curl -X POST http://172.24.149.80:8001/upstreams/ups-v804-ffts_web/targets -d 'target=172.24.149.72:31029' | X14: =IF(L14="","","curl -X POST " & $Q14 & "/upstreams/"& $F14 &"/targets -d 'target="& L14 & "'") | Y14: =IF(M14="","","curl -X POST " & $Q14 & "/upstreams/"& $F14 &"/targets -d 'target="& M14 & "'") | Z14: =IF(N14="","","curl -X POST " & $Q14 & "/upstreams/"& $F14 &"/targets -d 'target="& N14 & "'")
A15: =IF(ISNUMBER(SEARCH("rest_api",svc!R14)),1,0) -> 1 | C15: =svc!D14 -> dmz | D15: =svc!$B14 -> v504 | E15: =svc!G14 -> 31400 | F15: =CONCATENATE("ups-",svc!$B14,"-",svc!I14) -> ups-v504-notification_result | G15: =CONCATENATE("svc-",svc!$B14,"-",svc!I14) -> svc-v504-notification_result | H15: =CONCATENATE("route-",VLOOKUP($D15,kong_np_var!$B$10:$D$16,2,FALSE),"-",svc!$B14,"-",svc!I14) -> route-v510-v504-notification_result | I15: =CONCATENATE(VLOOKUP($D15,kong_np_var!$B$20:$H$26,SUBSTITUTE(I$1,"target_","") + 1,FALSE),":",$E15) -> 172.24.148.102:31400 | J15: =CONCATENATE(VLOOKUP($D15,kong_np_var!$B$20:$H$26,SUBSTITUTE(J$1,"target_","") + 1,FALSE),":",$E15) -> 172.24.148.103:31400 | K15: =CONCATENATE(VLOOKUP($D15,kong_np_var!$B$20:$H$26,SUBSTITUTE(K$1,"target_","") + 1,FALSE),":",$E15) -> 172.24.148.104:31400 | L15: =IF($C15="dmz","",CONCATENATE(VLOOKUP($D15,kong_np_var!$B$20:$H$26,SUBSTITUTE(L$1,"target_","") + 1,FALSE),":",$E15)) | M15: =IF($C15="dmz","",CONCATENATE(VLOOKUP($D15,kong_np_var!$B$20:$H$26,SUBSTITUTE(M$1,"target_","") + 1,FALSE),":",$E15)) | N15: =IF($C15="dmz","",CONCATENATE(VLOOKUP($D15,kong_np_var!$B$20:$H$26,SUBSTITUTE(N$1,"target_","") + 1,FALSE),":",$E15)) | O15: =VLOOKUP($D15,kong_np_var!$B$10:$D$16,3,FALSE) -> 172.24.148.71 | P15: =CONCATENATE("/",C15,MID(D15,2,15),"/",svc!$I14) -> /dmz504/notification_result | Q15: =VLOOKUP(C15,kong_np_var!$B$6:$C$7,2,FALSE) -> http://172.24.149.80:8001 | R15: =SUBSTITUTE(SUBSTITUTE(kong_np_var!$J$1,"<upstream_name>",$F15),"<kong_api_url>",$Q15) -> curl -X PUT http://172.24.149.80:8001/upstreams/ups-v504-notification_result | S15: =SUBSTITUTE(SUBSTITUTE(SUBSTITUTE(SUBSTITUTE(kong_np_var!$J$2,"<kong_api_url>",$Q15),"<upstream_name>",$F15),"<port>",$E15),"<service_name>",$G15) -> curl -X PUT http://172.24.149.80:8001/services/svc-v504-notification_result -H "Content-Type: application/json" -d '{"protocol":"http","host":"ups-v504-notification_result","port":31400}' | T15: =SUBSTITUTE(SUBSTITUTE(SUBSTITUTE(SUBSTITUTE(SUBSTITUTE(kong_np_var!$J$3,"<kong_api_url>",$Q15),"<route_name>",$H15),"<service_name>",$G15),"<host>",$O15),"<path>",$P15) -> curl -X PUT http://172.24.149.80:8001/services/svc-v504-notification_result/routes/route-v510-v504-notification_result -H "Content-Type: application/json" -d '{"protocols":["http"],"hosts":["172.24.148.71"],"paths":["/dmz504/notification_result"]}' | U15: =IF(I15="","","curl -X POST " & $Q15 & "/upstreams/"& $F15 &"/targets -d 'target="& I15 & "'") -> curl -X POST http://172.24.149.80:8001/upstreams/ups-v504-notification_result/targets -d 'target=172.24.148.102:31400' | V15: =IF(J15="","","curl -X POST " & $Q15 & "/upstreams/"& $F15 &"/targets -d 'target="& J15 & "'") -> curl -X POST http://172.24.149.80:8001/upstreams/ups-v504-notification_result/targets -d 'target=172.24.148.103:31400' | W15: =IF(K15="","","curl -X POST " & $Q15 & "/upstreams/"& $F15 &"/targets -d 'target="& K15 & "'") -> curl -X POST http://172.24.149.80:8001/upstreams/ups-v504-notification_result/targets -d 'target=172.24.148.104:31400' | X15: =IF(L15="","","curl -X POST " & $Q15 & "/upstreams/"& $F15 &"/targets -d 'target="& L15 & "'") | Y15: =IF(M15="","","curl -X POST " & $Q15 & "/upstreams/"& $F15 &"/targets -d 'target="& M15 & "'") | Z15: =IF(N15="","","curl -X POST " & $Q15 & "/upstreams/"& $F15 &"/targets -d 'target="& N15 & "'")
A16: =IF(ISNUMBER(SEARCH("rest_api",svc!R15)),1,0) -> 1 | C16: =svc!D15 -> dmz | D16: =svc!$B15 -> v504 | E16: =svc!G15 -> 31031 | F16: =CONCATENATE("ups-",svc!$B15,"-",svc!I15) -> ups-v504-payment_middleware | G16: =CONCATENATE("svc-",svc!$B15,"-",svc!I15) -> svc-v504-payment_middleware | H16: =CONCATENATE("route-",VLOOKUP($D16,kong_np_var!$B$10:$D$16,2,FALSE),"-",svc!$B15,"-",svc!I15) -> route-v510-v504-payment_middleware | I16: =CONCATENATE(VLOOKUP($D16,kong_np_var!$B$20:$H$26,SUBSTITUTE(I$1,"target_","") + 1,FALSE),":",$E16) -> 172.24.148.102:31031 | J16: =CONCATENATE(VLOOKUP($D16,kong_np_var!$B$20:$H$26,SUBSTITUTE(J$1,"target_","") + 1,FALSE),":",$E16) -> 172.24.148.103:31031 | K16: =CONCATENATE(VLOOKUP($D16,kong_np_var!$B$20:$H$26,SUBSTITUTE(K$1,"target_","") + 1,FALSE),":",$E16) -> 172.24.148.104:31031 | L16: =IF($C16="dmz","",CONCATENATE(VLOOKUP($D16,kong_np_var!$B$20:$H$26,SUBSTITUTE(L$1,"target_","") + 1,FALSE),":",$E16)) | M16: =IF($C16="dmz","",CONCATENATE(VLOOKUP($D16,kong_np_var!$B$20:$H$26,SUBSTITUTE(M$1,"target_","") + 1,FALSE),":",$E16)) | N16: =IF($C16="dmz","",CONCATENATE(VLOOKUP($D16,kong_np_var!$B$20:$H$26,SUBSTITUTE(N$1,"target_","") + 1,FALSE),":",$E16)) | O16: =VLOOKUP($D16,kong_np_var!$B$10:$D$16,3,FALSE) -> 172.24.148.71 | P16: =CONCATENATE("/",C16,MID(D16,2,15),"/",svc!$I15) -> /dmz504/payment_middleware | Q16: =VLOOKUP(C16,kong_np_var!$B$6:$C$7,2,FALSE) -> http://172.24.149.80:8001 | R16: =SUBSTITUTE(SUBSTITUTE(kong_np_var!$J$1,"<upstream_name>",$F16),"<kong_api_url>",$Q16) -> curl -X PUT http://172.24.149.80:8001/upstreams/ups-v504-payment_middleware | S16: =SUBSTITUTE(SUBSTITUTE(SUBSTITUTE(SUBSTITUTE(kong_np_var!$J$2,"<kong_api_url>",$Q16),"<upstream_name>",$F16),"<port>",$E16),"<service_name>",$G16) -> curl -X PUT http://172.24.149.80:8001/services/svc-v504-payment_middleware -H "Content-Type: application/json" -d '{"protocol":"http","host":"ups-v504-payment_middleware","port":31031}' | T16: =SUBSTITUTE(SUBSTITUTE(SUBSTITUTE(SUBSTITUTE(SUBSTITUTE(kong_np_var!$J$3,"<kong_api_url>",$Q16),"<route_name>",$H16),"<service_name>",$G16),"<host>",$O16),"<path>",$P16) -> curl -X PUT http://172.24.149.80:8001/services/svc-v504-payment_middleware/routes/route-v510-v504-payment_middleware -H "Content-Type: application/json" -d '{"protocols":["http"],"hosts":["172.24.148.71"],"paths":["/dmz504/payment_middleware"]}' | U16: =IF(I16="","","curl -X POST " & $Q16 & "/upstreams/"& $F16 &"/targets -d 'target="& I16 & "'") -> curl -X POST http://172.24.149.80:8001/upstreams/ups-v504-payment_middleware/targets -d 'target=172.24.148.102:31031' | V16: =IF(J16="","","curl -X POST " & $Q16 & "/upstreams/"& $F16 &"/targets -d 'target="& J16 & "'") -> curl -X POST http://172.24.149.80:8001/upstreams/ups-v504-payment_middleware/targets -d 'target=172.24.148.103:31031' | W16: =IF(K16="","","curl -X POST " & $Q16 & "/upstreams/"& $F16 &"/targets -d 'target="& K16 & "'") -> curl -X POST http://172.24.149.80:8001/upstreams/ups-v504-payment_middleware/targets -d 'target=172.24.148.104:31031' | X16: =IF(L16="","","curl -X POST " & $Q16 & "/upstreams/"& $F16 &"/targets -d 'target="& L16 & "'") | Y16: =IF(M16="","","curl -X POST " & $Q16 & "/upstreams/"& $F16 &"/targets -d 'target="& M16 & "'") | Z16: =IF(N16="","","curl -X POST " & $Q16 & "/upstreams/"& $F16 &"/targets -d 'target="& N16 & "'")
A17: =IF(ISNUMBER(SEARCH("rest_api",svc!R16)),1,0) -> 1 | C17: =svc!D16 -> dmz | D17: =svc!$B16 -> v630_itoms2 | E17: =svc!G16 -> 31002 | F17: =CONCATENATE("ups-",svc!$B16,"-",svc!I16) -> ups-v630_itoms2-toms_middleware | G17: =CONCATENATE("svc-",svc!$B16,"-",svc!I16) -> svc-v630_itoms2-toms_middleware | H17: =CONCATENATE("route-",VLOOKUP($D17,kong_np_var!$B$10:$D$16,2,FALSE),"-",svc!$B16,"-",svc!I16) -> #N/A | I17: =CONCATENATE(VLOOKUP($D17,kong_np_var!$B$20:$H$26,SUBSTITUTE(I$1,"target_","") + 1,FALSE),":",$E17) -> #N/A | J17: =CONCATENATE(VLOOKUP($D17,kong_np_var!$B$20:$H$26,SUBSTITUTE(J$1,"target_","") + 1,FALSE),":",$E17) -> #N/A | K17: =CONCATENATE(VLOOKUP($D17,kong_np_var!$B$20:$H$26,SUBSTITUTE(K$1,"target_","") + 1,FALSE),":",$E17) -> #N/A | L17: =IF($C17="dmz","",CONCATENATE(VLOOKUP($D17,kong_np_var!$B$20:$H$26,SUBSTITUTE(L$1,"target_","") + 1,FALSE),":",$E17)) | M17: =IF($C17="dmz","",CONCATENATE(VLOOKUP($D17,kong_np_var!$B$20:$H$26,SUBSTITUTE(M$1,"target_","") + 1,FALSE),":",$E17)) | N17: =IF($C17="dmz","",CONCATENATE(VLOOKUP($D17,kong_np_var!$B$20:$H$26,SUBSTITUTE(N$1,"target_","") + 1,FALSE),":",$E17)) | O17: =VLOOKUP($D17,kong_np_var!$B$10:$D$16,3,FALSE) -> #N/A | P17: =CONCATENATE("/",C17,MID(D17,2,15),"/",svc!$I16) -> /dmz630_itoms2/toms_middleware | Q17: =VLOOKUP(C17,kong_np_var!$B$6:$C$7,2,FALSE) -> http://172.24.149.80:8001 | R17: =SUBSTITUTE(SUBSTITUTE(kong_np_var!$J$1,"<upstream_name>",$F17),"<kong_api_url>",$Q17) -> curl -X PUT http://172.24.149.80:8001/upstreams/ups-v630_itoms2-toms_middleware | S17: =SUBSTITUTE(SUBSTITUTE(SUBSTITUTE(SUBSTITUTE(kong_np_var!$J$2,"<kong_api_url>",$Q17),"<upstream_name>",$F17),"<port>",$E17),"<service_name>",$G17) -> curl -X PUT http://172.24.149.80:8001/services/svc-v630_itoms2-toms_middleware -H "Content-Type: application/json" -d '{"protocol":"http","host":"ups-v630_itoms2-toms_middleware","port":31002}' | T17: =SUBSTITUTE(SUBSTITUTE(SUBSTITUTE(SUBSTITUTE(SUBSTITUTE(kong_np_var!$J$3,"<kong_api_url>",$Q17),"<route_name>",$H17),"<service_name>",$G17),"<host>",$O17),"<path>",$P17) -> #N/A | U17: =IF(I17="","","curl -X POST " & $Q17 & "/upstreams/"& $F17 &"/targets -d 'target="& I17 & "'") -> #N/A | V17: =IF(J17="","","curl -X POST " & $Q17 & "/upstreams/"& $F17 &"/targets -d 'target="& J17 & "'") -> #N/A | W17: =IF(K17="","","curl -X POST " & $Q17 & "/upstreams/"& $F17 &"/targets -d 'target="& K17 & "'") -> #N/A | X17: =IF(L17="","","curl -X POST " & $Q17 & "/upstreams/"& $F17 &"/targets -d 'target="& L17 & "'") | Y17: =IF(M17="","","curl -X POST " & $Q17 & "/upstreams/"& $F17 &"/targets -d 'target="& M17 & "'") | Z17: =IF(N17="","","curl -X POST " & $Q17 & "/upstreams/"& $F17 &"/targets -d 'target="& N17 & "'")
A18: =IF(ISNUMBER(SEARCH("rest_api",svc!R17)),1,0) -> 0 | C18: =svc!D17 -> dmz | D18: =svc!$B17 -> v504_itoms1 | E18: =svc!G17 -> 31030 | F18: =CONCATENATE("ups-",svc!$B17,"-",svc!I17) -> ups-v504_itoms1-toms_portal | G18: =CONCATENATE("svc-",svc!$B17,"-",svc!I17) -> svc-v504_itoms1-toms_portal | H18: =CONCATENATE("route-",VLOOKUP($D18,kong_np_var!$B$10:$D$16,2,FALSE),"-",svc!$B17,"-",svc!I17) -> #N/A | I18: =CONCATENATE(VLOOKUP($D18,kong_np_var!$B$20:$H$26,SUBSTITUTE(I$1,"target_","") + 1,FALSE),":",$E18) -> #N/A | J18: =CONCATENATE(VLOOKUP($D18,kong_np_var!$B$20:$H$26,SUBSTITUTE(J$1,"target_","") + 1,FALSE),":",$E18) -> #N/A | K18: =CONCATENATE(VLOOKUP($D18,kong_np_var!$B$20:$H$26,SUBSTITUTE(K$1,"target_","") + 1,FALSE),":",$E18) -> #N/A | L18: =IF($C18="dmz","",CONCATENATE(VLOOKUP($D18,kong_np_var!$B$20:$H$26,SUBSTITUTE(L$1,"target_","") + 1,FALSE),":",$E18)) | M18: =IF($C18="dmz","",CONCATENATE(VLOOKUP($D18,kong_np_var!$B$20:$H$26,SUBSTITUTE(M$1,"target_","") + 1,FALSE),":",$E18)) | N18: =IF($C18="dmz","",CONCATENATE(VLOOKUP($D18,kong_np_var!$B$20:$H$26,SUBSTITUTE(N$1,"target_","") + 1,FALSE),":",$E18)) | O18: =VLOOKUP($D18,kong_np_var!$B$10:$D$16,3,FALSE) -> #N/A | P18: =CONCATENATE("/",C18,MID(D18,2,15),"/",svc!$I17) -> /dmz504_itoms1/toms_portal | Q18: =VLOOKUP(C18,kong_np_var!$B$6:$C$7,2,FALSE) -> http://172.24.149.80:8001 | R18: =SUBSTITUTE(SUBSTITUTE(kong_np_var!$J$1,"<upstream_name>",$F18),"<kong_api_url>",$Q18) -> curl -X PUT http://172.24.149.80:8001/upstreams/ups-v504_itoms1-toms_portal | S18: =SUBSTITUTE(SUBSTITUTE(SUBSTITUTE(SUBSTITUTE(kong_np_var!$J$2,"<kong_api_url>",$Q18),"<upstream_name>",$F18),"<port>",$E18),"<service_name>",$G18) -> curl -X PUT http://172.24.149.80:8001/services/svc-v504_itoms1-toms_portal -H "Content-Type: application/json" -d '{"protocol":"http","host":"ups-v504_itoms1-toms_portal","port":31030}' | T18: =SUBSTITUTE(SUBSTITUTE(SUBSTITUTE(SUBSTITUTE(SUBSTITUTE(kong_np_var!$J$3,"<kong_api_url>",$Q18),"<route_name>",$H18),"<service_name>",$G18),"<host>",$O18),"<path>",$P18) -> #N/A | U18: =IF(I18="","","curl -X POST " & $Q18 & "/upstreams/"& $F18 &"/targets -d 'target="& I18 & "'") -> #N/A | V18: =IF(J18="","","curl -X POST " & $Q18 & "/upstreams/"& $F18 &"/targets -d 'target="& J18 & "'") -> #N/A | W18: =IF(K18="","","curl -X POST " & $Q18 & "/upstreams/"& $F18 &"/targets -d 'target="& K18 & "'") -> #N/A | X18: =IF(L18="","","curl -X POST " & $Q18 & "/upstreams/"& $F18 &"/targets -d 'target="& L18 & "'") | Y18: =IF(M18="","","curl -X POST " & $Q18 & "/upstreams/"& $F18 &"/targets -d 'target="& M18 & "'") | Z18: =IF(N18="","","curl -X POST " & $Q18 & "/upstreams/"& $F18 &"/targets -d 'target="& N18 & "'")
A19: =IF(ISNUMBER(SEARCH("rest_api",svc!R18)),1,0) -> 1 | C19: =svc!D18 -> dmz | D19: =svc!$B18 -> v504 | E19: =svc!G18 -> 31401 | F19: =CONCATENATE("ups-",svc!$B18,"-",svc!I18) -> ups-v504-tsp_middleware | G19: =CONCATENATE("svc-",svc!$B18,"-",svc!I18) -> svc-v504-tsp_middleware | H19: =CONCATENATE("route-",VLOOKUP($D19,kong_np_var!$B$10:$D$16,2,FALSE),"-",svc!$B18,"-",svc!I18) -> route-v510-v504-tsp_middleware | I19: =CONCATENATE(VLOOKUP($D19,kong_np_var!$B$20:$H$26,SUBSTITUTE(I$1,"target_","") + 1,FALSE),":",$E19) -> 172.24.148.102:31401 | J19: =CONCATENATE(VLOOKUP($D19,kong_np_var!$B$20:$H$26,SUBSTITUTE(J$1,"target_","") + 1,FALSE),":",$E19) -> 172.24.148.103:31401 | K19: =CONCATENATE(VLOOKUP($D19,kong_np_var!$B$20:$H$26,SUBSTITUTE(K$1,"target_","") + 1,FALSE),":",$E19) -> 172.24.148.104:31401 | L19: =IF($C19="dmz","",CONCATENATE(VLOOKUP($D19,kong_np_var!$B$20:$H$26,SUBSTITUTE(L$1,"target_","") + 1,FALSE),":",$E19)) | M19: =IF($C19="dmz","",CONCATENATE(VLOOKUP($D19,kong_np_var!$B$20:$H$26,SUBSTITUTE(M$1,"target_","") + 1,FALSE),":",$E19)) | N19: =IF($C19="dmz","",CONCATENATE(VLOOKUP($D19,kong_np_var!$B$20:$H$26,SUBSTITUTE(N$1,"target_","") + 1,FALSE),":",$E19)) | O19: =VLOOKUP($D19,kong_np_var!$B$10:$D$16,3,FALSE) -> 172.24.148.71 | P19: =CONCATENATE("/",C19,MID(D19,2,15),"/",svc!$I18) -> /dmz504/tsp_middleware | Q19: =VLOOKUP(C19,kong_np_var!$B$6:$C$7,2,FALSE) -> http://172.24.149.80:8001 | R19: =SUBSTITUTE(SUBSTITUTE(kong_np_var!$J$1,"<upstream_name>",$F19),"<kong_api_url>",$Q19) -> curl -X PUT http://172.24.149.80:8001/upstreams/ups-v504-tsp_middleware | S19: =SUBSTITUTE(SUBSTITUTE(SUBSTITUTE(SUBSTITUTE(kong_np_var!$J$2,"<kong_api_url>",$Q19),"<upstream_name>",$F19),"<port>",$E19),"<service_name>",$G19) -> curl -X PUT http://172.24.149.80:8001/services/svc-v504-tsp_middleware -H "Content-Type: application/json" -d '{"protocol":"http","host":"ups-v504-tsp_middleware","port":31401}' | T19: =SUBSTITUTE(SUBSTITUTE(SUBSTITUTE(SUBSTITUTE(SUBSTITUTE(kong_np_var!$J$3,"<kong_api_url>",$Q19),"<route_name>",$H19),"<service_name>",$G19),"<host>",$O19),"<path>",$P19) -> curl -X PUT http://172.24.149.80:8001/services/svc-v504-tsp_middleware/routes/route-v510-v504-tsp_middleware -H "Content-Type: application/json" -d '{"protocols":["http"],"hosts":["172.24.148.71"],"paths":["/dmz504/tsp_middleware"]}' | U19: =IF(I19="","","curl -X POST " & $Q19 & "/upstreams/"& $F19 &"/targets -d 'target="& I19 & "'") -> curl -X POST http://172.24.149.80:8001/upstreams/ups-v504-tsp_middleware/targets -d 'target=172.24.148.102:31401' | V19: =IF(J19="","","curl -X POST " & $Q19 & "/upstreams/"& $F19 &"/targets -d 'target="& J19 & "'") -> curl -X POST http://172.24.149.80:8001/upstreams/ups-v504-tsp_middleware/targets -d 'target=172.24.148.103:31401' | W19: =IF(K19="","","curl -X POST " & $Q19 & "/upstreams/"& $F19 &"/targets -d 'target="& K19 & "'") -> curl -X POST http://172.24.149.80:8001/upstreams/ups-v504-tsp_middleware/targets -d 'target=172.24.148.104:31401' | X19: =IF(L19="","","curl -X POST " & $Q19 & "/upstreams/"& $F19 &"/targets -d 'target="& L19 & "'") | Y19: =IF(M19="","","curl -X POST " & $Q19 & "/upstreams/"& $F19 &"/targets -d 'target="& M19 & "'") | Z19: =IF(N19="","","curl -X POST " & $Q19 & "/upstreams/"& $F19 &"/targets -d 'target="& N19 & "'")
A20: =IF(ISNUMBER(SEARCH("rest_api",svc!R19)),1,0) -> 1 | C20: =svc!D19 -> dmz | D20: =svc!$B19 -> v504 | E20: =svc!G19 -> 31402 | F20: =CONCATENATE("ups-",svc!$B19,"-",svc!I19) -> ups-v504-ttis_middleware | G20: =CONCATENATE("svc-",svc!$B19,"-",svc!I19) -> svc-v504-ttis_middleware | H20: =CONCATENATE("route-",VLOOKUP($D20,kong_np_var!$B$10:$D$16,2,FALSE),"-",svc!$B19,"-",svc!I19) -> route-v510-v504-ttis_middleware | I20: =CONCATENATE(VLOOKUP($D20,kong_np_var!$B$20:$H$26,SUBSTITUTE(I$1,"target_","") + 1,FALSE),":",$E20) -> 172.24.148.102:31402 | J20: =CONCATENATE(VLOOKUP($D20,kong_np_var!$B$20:$H$26,SUBSTITUTE(J$1,"target_","") + 1,FALSE),":",$E20) -> 172.24.148.103:31402 | K20: =CONCATENATE(VLOOKUP($D20,kong_np_var!$B$20:$H$26,SUBSTITUTE(K$1,"target_","") + 1,FALSE),":",$E20) -> 172.24.148.104:31402 | L20: =IF($C20="dmz","",CONCATENATE(VLOOKUP($D20,kong_np_var!$B$20:$H$26,SUBSTITUTE(L$1,"target_","") + 1,FALSE),":",$E20)) | M20: =IF($C20="dmz","",CONCATENATE(VLOOKUP($D20,kong_np_var!$B$20:$H$26,SUBSTITUTE(M$1,"target_","") + 1,FALSE),":",$E20)) | N20: =IF($C20="dmz","",CONCATENATE(VLOOKUP($D20,kong_np_var!$B$20:$H$26,SUBSTITUTE(N$1,"target_","") + 1,FALSE),":",$E20)) | O20: =VLOOKUP($D20,kong_np_var!$B$10:$D$16,3,FALSE) -> 172.24.148.71 | P20: =CONCATENATE("/",C20,MID(D20,2,15),"/",svc!$I19) -> /dmz504/ttis_middleware | Q20: =VLOOKUP(C20,kong_np_var!$B$6:$C$7,2,FALSE) -> http://172.24.149.80:8001 | R20: =SUBSTITUTE(SUBSTITUTE(kong_np_var!$J$1,"<upstream_name>",$F20),"<kong_api_url>",$Q20) -> curl -X PUT http://172.24.149.80:8001/upstreams/ups-v504-ttis_middleware | S20: =SUBSTITUTE(SUBSTITUTE(SUBSTITUTE(SUBSTITUTE(kong_np_var!$J$2,"<kong_api_url>",$Q20),"<upstream_name>",$F20),"<port>",$E20),"<service_name>",$G20) -> curl -X PUT http://172.24.149.80:8001/services/svc-v504-ttis_middleware -H "Content-Type: application/json" -d '{"protocol":"http","host":"ups-v504-ttis_middleware","port":31402}' | T20: =SUBSTITUTE(SUBSTITUTE(SUBSTITUTE(SUBSTITUTE(SUBSTITUTE(kong_np_var!$J$3,"<kong_api_url>",$Q20),"<route_name>",$H20),"<service_name>",$G20),"<host>",$O20),"<path>",$P20) -> curl -X PUT http://172.24.149.80:8001/services/svc-v504-ttis_middleware/routes/route-v510-v504-ttis_middleware -H "Content-Type: application/json" -d '{"protocols":["http"],"hosts":["172.24.148.71"],"paths":["/dmz504/ttis_middleware"]}' | U20: =IF(I20="","","curl -X POST " & $Q20 & "/upstreams/"& $F20 &"/targets -d 'target="& I20 & "'") -> curl -X POST http://172.24.149.80:8001/upstreams/ups-v504-ttis_middleware/targets -d 'target=172.24.148.102:31402' | V20: =IF(J20="","","curl -X POST " & $Q20 & "/upstreams/"& $F20 &"/targets -d 'target="& J20 & "'") -> curl -X POST http://172.24.149.80:8001/upstreams/ups-v504-ttis_middleware/targets -d 'target=172.24.148.103:31402' | W20: =IF(K20="","","curl -X POST " & $Q20 & "/upstreams/"& $F20 &"/targets -d 'target="& K20 & "'") -> curl -X POST http://172.24.149.80:8001/upstreams/ups-v504-ttis_middleware/targets -d 'target=172.24.148.104:31402' | X20: =IF(L20="","","curl -X POST " & $Q20 & "/upstreams/"& $F20 &"/targets -d 'target="& L20 & "'") | Y20: =IF(M20="","","curl -X POST " & $Q20 & "/upstreams/"& $F20 &"/targets -d 'target="& M20 & "'") | Z20: =IF(N20="","","curl -X POST " & $Q20 & "/upstreams/"& $F20 &"/targets -d 'target="& N20 & "'")
A21: =IF(ISNUMBER(SEARCH("rest_api",svc!R20)),1,0) -> 1 | C21: =svc!D20 -> dmz | D21: =svc!$B20 -> v904 | E21: =svc!G20 -> 31403 | F21: =CONCATENATE("ups-",svc!$B20,"-",svc!I20) -> ups-v904-validv_middleware | G21: =CONCATENATE("svc-",svc!$B20,"-",svc!I20) -> svc-v904-validv_middleware | H21: =CONCATENATE("route-",VLOOKUP($D21,kong_np_var!$B$10:$D$16,2,FALSE),"-",svc!$B20,"-",svc!I20) -> route-v910-v904-validv_middleware | I21: =CONCATENATE(VLOOKUP($D21,kong_np_var!$B$20:$H$26,SUBSTITUTE(I$1,"target_","") + 1,FALSE),":",$E21) -> 172.24.149.102:31403 | J21: =CONCATENATE(VLOOKUP($D21,kong_np_var!$B$20:$H$26,SUBSTITUTE(J$1,"target_","") + 1,FALSE),":",$E21) -> 172.24.149.103:31403 | K21: =CONCATENATE(VLOOKUP($D21,kong_np_var!$B$20:$H$26,SUBSTITUTE(K$1,"target_","") + 1,FALSE),":",$E21) -> 172.24.149.104:31403 | L21: =IF($C21="dmz","",CONCATENATE(VLOOKUP($D21,kong_np_var!$B$20:$H$26,SUBSTITUTE(L$1,"target_","") + 1,FALSE),":",$E21)) | M21: =IF($C21="dmz","",CONCATENATE(VLOOKUP($D21,kong_np_var!$B$20:$H$26,SUBSTITUTE(M$1,"target_","") + 1,FALSE),":",$E21)) | N21: =IF($C21="dmz","",CONCATENATE(VLOOKUP($D21,kong_np_var!$B$20:$H$26,SUBSTITUTE(N$1,"target_","") + 1,FALSE),":",$E21)) | O21: =VLOOKUP($D21,kong_np_var!$B$10:$D$16,3,FALSE) -> 172.24.150.39 | P21: =CONCATENATE("/",C21,MID(D21,2,15),"/",svc!$I20) -> /dmz904/validv_middleware | Q21: =VLOOKUP(C21,kong_np_var!$B$6:$C$7,2,FALSE) -> http://172.24.149.80:8001 | R21: =SUBSTITUTE(SUBSTITUTE(kong_np_var!$J$1,"<upstream_name>",$F21),"<kong_api_url>",$Q21) -> curl -X PUT http://172.24.149.80:8001/upstreams/ups-v904-validv_middleware | S21: =SUBSTITUTE(SUBSTITUTE(SUBSTITUTE(SUBSTITUTE(kong_np_var!$J$2,"<kong_api_url>",$Q21),"<upstream_name>",$F21),"<port>",$E21),"<service_name>",$G21) -> curl -X PUT http://172.24.149.80:8001/services/svc-v904-validv_middleware -H "Content-Type: application/json" -d '{"protocol":"http","host":"ups-v904-validv_middleware","port":31403}' | T21: =SUBSTITUTE(SUBSTITUTE(SUBSTITUTE(SUBSTITUTE(SUBSTITUTE(kong_np_var!$J$3,"<kong_api_url>",$Q21),"<route_name>",$H21),"<service_name>",$G21),"<host>",$O21),"<path>",$P21) -> curl -X PUT http://172.24.149.80:8001/services/svc-v904-validv_middleware/routes/route-v910-v904-validv_middleware -H "Content-Type: application/json" -d '{"protocols":["http"],"hosts":["172.24.150.39"],"paths":["/dmz904/validv_middleware"]}' | U21: =IF(I21="","","curl -X POST " & $Q21 & "/upstreams/"& $F21 &"/targets -d 'target="& I21 & "'") -> curl -X POST http://172.24.149.80:8001/upstreams/ups-v904-validv_middleware/targets -d 'target=172.24.149.102:31403' | V21: =IF(J21="","","curl -X POST " & $Q21 & "/upstreams/"& $F21 &"/targets -d 'target="& J21 & "'") -> curl -X POST http://172.24.149.80:8001/upstreams/ups-v904-validv_middleware/targets -d 'target=172.24.149.103:31403' | W21: =IF(K21="","","curl -X POST " & $Q21 & "/upstreams/"& $F21 &"/targets -d 'target="& K21 & "'") -> curl -X POST http://172.24.149.80:8001/upstreams/ups-v904-validv_middleware/targets -d 'target=172.24.149.104:31403' | X21: =IF(L21="","","curl -X POST " & $Q21 & "/upstreams/"& $F21 &"/targets -d 'target="& L21 & "'") | Y21: =IF(M21="","","curl -X POST " & $Q21 & "/upstreams/"& $F21 &"/targets -d 'target="& M21 & "'") | Z21: =IF(N21="","","curl -X POST " & $Q21 & "/upstreams/"& $F21 &"/targets -d 'target="& N21 & "'")
A22: =IF(ISNUMBER(SEARCH("rest_api",svc!R21)),1,0) -> 1 | C22: =svc!D21 -> dmz | D22: =svc!$B21 -> v904 | E22: =svc!G21 -> 31404 | F22: =CONCATENATE("ups-",svc!$B21,"-",svc!I21) -> ups-v904-vssd_middleware | G22: =CONCATENATE("svc-",svc!$B21,"-",svc!I21) -> svc-v904-vssd_middleware | H22: =CONCATENATE("route-",VLOOKUP($D22,kong_np_var!$B$10:$D$16,2,FALSE),"-",svc!$B21,"-",svc!I21) -> route-v910-v904-vssd_middleware | I22: =CONCATENATE(VLOOKUP($D22,kong_np_var!$B$20:$H$26,SUBSTITUTE(I$1,"target_","") + 1,FALSE),":",$E22) -> 172.24.149.102:31404 | J22: =CONCATENATE(VLOOKUP($D22,kong_np_var!$B$20:$H$26,SUBSTITUTE(J$1,"target_","") + 1,FALSE),":",$E22) -> 172.24.149.103:31404 | K22: =CONCATENATE(VLOOKUP($D22,kong_np_var!$B$20:$H$26,SUBSTITUTE(K$1,"target_","") + 1,FALSE),":",$E22) -> 172.24.149.104:31404 | L22: =IF($C22="dmz","",CONCATENATE(VLOOKUP($D22,kong_np_var!$B$20:$H$26,SUBSTITUTE(L$1,"target_","") + 1,FALSE),":",$E22)) | M22: =IF($C22="dmz","",CONCATENATE(VLOOKUP($D22,kong_np_var!$B$20:$H$26,SUBSTITUTE(M$1,"target_","") + 1,FALSE),":",$E22)) | N22: =IF($C22="dmz","",CONCATENATE(VLOOKUP($D22,kong_np_var!$B$20:$H$26,SUBSTITUTE(N$1,"target_","") + 1,FALSE),":",$E22)) | O22: =VLOOKUP($D22,kong_np_var!$B$10:$D$16,3,FALSE) -> 172.24.150.39 | P22: =CONCATENATE("/",C22,MID(D22,2,15),"/",svc!$I21) -> /dmz904/vssd_middleware | Q22: =VLOOKUP(C22,kong_np_var!$B$6:$C$7,2,FALSE) -> http://172.24.149.80:8001 | R22: =SUBSTITUTE(SUBSTITUTE(kong_np_var!$J$1,"<upstream_name>",$F22),"<kong_api_url>",$Q22) -> curl -X PUT http://172.24.149.80:8001/upstreams/ups-v904-vssd_middleware | S22: =SUBSTITUTE(SUBSTITUTE(SUBSTITUTE(SUBSTITUTE(kong_np_var!$J$2,"<kong_api_url>",$Q22),"<upstream_name>",$F22),"<port>",$E22),"<service_name>",$G22) -> curl -X PUT http://172.24.149.80:8001/services/svc-v904-vssd_middleware -H "Content-Type: application/json" -d '{"protocol":"http","host":"ups-v904-vssd_middleware","port":31404}' | T22: =SUBSTITUTE(SUBSTITUTE(SUBSTITUTE(SUBSTITUTE(SUBSTITUTE(kong_np_var!$J$3,"<kong_api_url>",$Q22),"<route_name>",$H22),"<service_name>",$G22),"<host>",$O22),"<path>",$P22) -> curl -X PUT http://172.24.149.80:8001/services/svc-v904-vssd_middleware/routes/route-v910-v904-vssd_middleware -H "Content-Type: application/json" -d '{"protocols":["http"],"hosts":["172.24.150.39"],"paths":["/dmz904/vssd_middleware"]}' | U22: =IF(I22="","","curl -X POST " & $Q22 & "/upstreams/"& $F22 &"/targets -d 'target="& I22 & "'") -> curl -X POST http://172.24.149.80:8001/upstreams/ups-v904-vssd_middleware/targets -d 'target=172.24.149.102:31404' | V22: =IF(J22="","","curl -X POST " & $Q22 & "/upstreams/"& $F22 &"/targets -d 'target="& J22 & "'") -> curl -X POST http://172.24.149.80:8001/upstreams/ups-v904-vssd_middleware/targets -d 'target=172.24.149.103:31404' | W22: =IF(K22="","","curl -X POST " & $Q22 & "/upstreams/"& $F22 &"/targets -d 'target="& K22 & "'") -> curl -X POST http://172.24.149.80:8001/upstreams/ups-v904-vssd_middleware/targets -d 'target=172.24.149.104:31404' | X22: =IF(L22="","","curl -X POST " & $Q22 & "/upstreams/"& $F22 &"/targets -d 'target="& L22 & "'") | Y22: =IF(M22="","","curl -X POST " & $Q22 & "/upstreams/"& $F22 &"/targets -d 'target="& M22 & "'") | Z22: =IF(N22="","","curl -X POST " & $Q22 & "/upstreams/"& $F22 &"/targets -d 'target="& N22 & "'")
A23: =IF(ISNUMBER(SEARCH("rest_api",svc!R22)),1,0) -> 1 | C23: =svc!D22 -> trust | D23: =svc!$B22 -> v510 | E23: =svc!G22 -> 31009 | F23: =CONCATENATE("ups-",svc!$B22,"-",svc!I22) -> ups-v510-accmgt_api | G23: =CONCATENATE("svc-",svc!$B22,"-",svc!I22) -> svc-v510-accmgt_api | H23: =CONCATENATE("route-",VLOOKUP($D23,kong_np_var!$B$10:$D$16,2,FALSE),"-",svc!$B22,"-",svc!I22) -> route-v504-v510-accmgt_api | I23: =CONCATENATE(VLOOKUP($D23,kong_np_var!$B$20:$H$26,SUBSTITUTE(I$1,"target_","") + 1,FALSE),":",$E23) -> 172.24.148.131:31009 | J23: =CONCATENATE(VLOOKUP($D23,kong_np_var!$B$20:$H$26,SUBSTITUTE(J$1,"target_","") + 1,FALSE),":",$E23) -> 172.24.148.132:31009 | K23: =CONCATENATE(VLOOKUP($D23,kong_np_var!$B$20:$H$26,SUBSTITUTE(K$1,"target_","") + 1,FALSE),":",$E23) -> 172.24.148.133:31009 | L23: =IF($C23="dmz","",CONCATENATE(VLOOKUP($D23,kong_np_var!$B$20:$H$26,SUBSTITUTE(L$1,"target_","") + 1,FALSE),":",$E23)) -> 172.24.148.134:31009 | M23: =IF($C23="dmz","",CONCATENATE(VLOOKUP($D23,kong_np_var!$B$20:$H$26,SUBSTITUTE(M$1,"target_","") + 1,FALSE),":",$E23)) -> 172.24.148.135:31009 | N23: =IF($C23="dmz","",CONCATENATE(VLOOKUP($D23,kong_np_var!$B$20:$H$26,SUBSTITUTE(N$1,"target_","") + 1,FALSE),":",$E23)) -> 172.24.148.136:31009 | O23: =VLOOKUP($D23,kong_np_var!$B$10:$D$16,3,FALSE) -> 172.24.149.183 | P23: =CONCATENATE("/",C23,MID(D23,2,15),"/",svc!$I22) -> /trust510/accmgt_api | Q23: =VLOOKUP(C23,kong_np_var!$B$6:$C$7,2,FALSE) -> http://172.24.148.160:8001 | R23: =SUBSTITUTE(SUBSTITUTE(kong_np_var!$J$1,"<upstream_name>",$F23),"<kong_api_url>",$Q23) -> curl -X PUT http://172.24.148.160:8001/upstreams/ups-v510-accmgt_api | S23: =SUBSTITUTE(SUBSTITUTE(SUBSTITUTE(SUBSTITUTE(kong_np_var!$J$2,"<kong_api_url>",$Q23),"<upstream_name>",$F23),"<port>",$E23),"<service_name>",$G23) -> curl -X PUT http://172.24.148.160:8001/services/svc-v510-accmgt_api -H "Content-Type: application/json" -d '{"protocol":"http","host":"ups-v510-accmgt_api","port":31009}' | T23: =SUBSTITUTE(SUBSTITUTE(SUBSTITUTE(SUBSTITUTE(SUBSTITUTE(kong_np_var!$J$3,"<kong_api_url>",$Q23),"<route_name>",$H23),"<service_name>",$G23),"<host>",$O23),"<path>",$P23) -> curl -X PUT http://172.24.148.160:8001/services/svc-v510-accmgt_api/routes/route-v504-v510-accmgt_api -H "Content-Type: application/json" -d '{"protocols":["http"],"hosts":["172.24.149.183"],"paths":["/trust510/accmgt_api"]}' | U23: =IF(I23="","","curl -X POST " & $Q23 & "/upstreams/"& $F23 &"/targets -d 'target="& I23 & "'") -> curl -X POST http://172.24.148.160:8001/upstreams/ups-v510-accmgt_api/targets -d 'target=172.24.148.131:31009' | V23: =IF(J23="","","curl -X POST " & $Q23 & "/upstreams/"& $F23 &"/targets -d 'target="& J23 & "'") -> curl -X POST http://172.24.148.160:8001/upstreams/ups-v510-accmgt_api/targets -d 'target=172.24.148.132:31009' | W23: =IF(K23="","","curl -X POST " & $Q23 & "/upstreams/"& $F23 &"/targets -d 'target="& K23 & "'") -> curl -X POST http://172.24.148.160:8001/upstreams/ups-v510-accmgt_api/targets -d 'target=172.24.148.133:31009' | X23: =IF(L23="","","curl -X POST " & $Q23 & "/upstreams/"& $F23 &"/targets -d 'target="& L23 & "'") -> curl -X POST http://172.24.148.160:8001/upstreams/ups-v510-accmgt_api/targets -d 'target=172.24.148.134:31009' | Y23: =IF(M23="","","curl -X POST " & $Q23 & "/upstreams/"& $F23 &"/targets -d 'target="& M23 & "'") -> curl -X POST http://172.24.148.160:8001/upstreams/ups-v510-accmgt_api/targets -d 'target=172.24.148.135:31009' | Z23: =IF(N23="","","curl -X POST " & $Q23 & "/upstreams/"& $F23 &"/targets -d 'target="& N23 & "'") -> curl -X POST http://172.24.148.160:8001/upstreams/ups-v510-accmgt_api/targets -d 'target=172.24.148.136:31009'
... A142: =IF(ISNUMBER(SEARCH("rest_api",svc!R141)),1,0) -> 0 | C142: =svc!D141 -> 0 | D142: =svc!$B141 -> 0 | E142: =svc!G141 -> 0 | F142: =CONCATENATE("ups-",svc!$B141,"-",svc!I141) -> ups-- | G142: =CONCATENATE("svc-",svc!$B141,"-",svc!I141) -> svc-- | H142: =CONCATENATE("route-",VLOOKUP($D142,kong_np_var!$B$10:$D$16,2,FALSE),"-",svc!$B141,"-",svc!I141) -> #N/A | I142: =CONCATENATE(VLOOKUP($D142,kong_np_var!$B$20:$H$26,SUBSTITUTE(I$1,"target_","") + 1,FALSE),":",$E142) -> #N/A | J142: =CONCATENATE(VLOOKUP($D142,kong_np_var!$B$20:$H$26,SUBSTITUTE(J$1,"target_","") + 1,FALSE),":",$E142) -> #N/A | K142: =CONCATENATE(VLOOKUP($D142,kong_np_var!$B$20:$H$26,SUBSTITUTE(K$1,"target_","") + 1,FALSE),":",$E142) -> #N/A | L142: =IF($C142="dmz","",CONCATENATE(VLOOKUP($D142,kong_np_var!$B$20:$H$26,SUBSTITUTE(L$1,"target_","") + 1,FALSE),":",$E142)) -> #N/A | M142: =IF($C142="dmz","",CONCATENATE(VLOOKUP($D142,kong_np_var!$B$20:$H$26,SUBSTITUTE(M$1,"target_","") + 1,FALSE),":",$E142)) -> #N/A | N142: =IF($C142="dmz","",CONCATENATE(VLOOKUP($D142,kong_np_var!$B$20:$H$26,SUBSTITUTE(N$1,"target_","") + 1,FALSE),":",$E142)) -> #N/A | O142: =VLOOKUP($D142,kong_np_var!$B$10:$D$16,3,FALSE) -> #N/A | P142: =CONCATENATE("/",C142,MID(D142,2,15),"/",svc!$I141) -> /0/ | Q142: =VLOOKUP(C142,kong_np_var!$B$6:$C$7,2,FALSE) -> #N/A | R142: =SUBSTITUTE(SUBSTITUTE(kong_np_var!$J$1,"<upstream_name>",$F142),"<kong_api_url>",$Q142) -> #N/A | S142: =SUBSTITUTE(SUBSTITUTE(SUBSTITUTE(SUBSTITUTE(kong_np_var!$J$2,"<kong_api_url>",$Q142),"<upstream_name>",$F142),"<port>",$E142),"<service_name>",$G142) -> #N/A | T142: =SUBSTITUTE(SUBSTITUTE(SUBSTITUTE(SUBSTITUTE(SUBSTITUTE(kong_np_var!$J$3,"<kong_api_url>",$Q142),"<route_name>",$H142),"<service_name>",$G142),"<host>",$O142),"<path>",$P142) -> #N/A | U142: =IF(I142="","","curl -X POST " & $Q142 & "/upstreams/"& $F142 &"/targets -d 'target="& I142 & "'") -> #N/A | V142: =IF(J142="","","curl -X POST " & $Q142 & "/upstreams/"& $F142 &"/targets -d 'target="& J142 & "'") -> #N/A | W142: =IF(K142="","","curl -X POST " & $Q142 & "/upstreams/"& $F142 &"/targets -d 'target="& K142 & "'") -> #N/A | X142: =IF(L142="","","curl -X POST " & $Q142 & "/upstreams/"& $F142 &"/targets -d 'target="& L142 & "'") -> #N/A | Y142: =IF(M142="","","curl -X POST " & $Q142 & "/upstreams/"& $F142 &"/targets -d 'target="& M142 & "'") -> #N/A | Z142: =IF(N142="","","curl -X POST " & $Q142 & "/upstreams/"& $F142 &"/targets -d 'target="& N142 & "'") -> #N/A

Sheet kong_p2_var
I1: put upstream cmd | J1: curl -X PUT <kong_api_url>/upstreams/<upstream_name>
I2: put service cmd | J2: curl -X PUT <kong_api_url>/services/<service_name> -H "Content-Type: application/json" -d '{"protocol":"http","host":"<upstream_name>","port":<port>}'
I3: put route cmd | J3: curl -X PUT <kong_api_url>/services/<service_name>/routes/<route_name> -H "Content-Type: application/json" -d '{"protocols":["http"],"hosts":["<host>"],"paths":["<path>"]}'
I4: create target cmd | J4: curl -X POST <kong_api_url>/upstreams/<upstream_id>/targets -d "target=<target>"
A6: kong_api_url | B6: trust | C6: http://172.20.148.160:8001
A7: kong_api_url | B7: dmz | C7: http://172.20.149.80:8001
C9: source_vlan
A10: kong lb ip | B10: v510 | C10: v504 | D10: 172.20.149.183
A11: kong lb ip | B11: v810 | C11: v804 | D11: 172.20.149.151
A12: kong lb ip | B12: v910 | C12: v904 | D12: 172.20.149.167
A13: kong lb ip | B13: v804 | C13: v810 | D13: 172.20.151.71
A14: kong lb ip | B14: v904 | C14: v910 | D14: 172.20.150.39
A15: kong lb ip | B15: v504 | C15: v510 | D15: 172.20.148.71
A16: kong lb ip | B16: v630 | C16: v510 | D16: 172.20.150.71
B19: vlan | C19: worker_1 | D19: worker_2 | E19: worker_3 | F19: worker_4 | G19: worker_5 | H19: worker_6
A20: k8s lb ip | B20: v510 | C20: 172.20.148.131 | D20: 172.20.148.132 | E20: 172.20.148.133 | F20: 172.20.148.134 | G20: 172.20.148.135 | H20: 172.20.148.136
A21: k8s lb ip | B21: v810 | C21: 172.20.148.195 | D21: 172.20.148.196 | E21: 172.20.148.197 | F21: 172.20.148.198 | G21: 172.20.148.199 | H21: 172.20.148.200
A22: k8s lb ip | B22: v910 | C22: 172.20.151.3 | D22: 172.20.151.4 | E22: 172.20.151.5 | F22: 172.20.151.6 | G22: 172.20.151.7 | H22: 172.20.151.8
A23: k8s lb ip | B23: v804 | C23: 172.20.149.70 | D23: 172.20.149.71 | E23: 172.20.149.72
A24: k8s lb ip | B24: v904 | C24: 172.20.149.102 | D24: 172.20.149.103 | E24: 172.20.149.104
A25: k8s lb ip | B25: v504 | C25: 172.20.148.102 | D25: 172.20.148.103 | E25: 172.20.148.104
A26: k8s lb ip | B26: v630 | C26: 172.20.151.110 | D26: 172.20.151.111 | E26: 172.20.151.112

Sheet kong_p2_script
A1: is_rest_api | C1: zone | D1: vlan | E1: port | F1: upstream_name | G1: service_name | H1: route_name | I1: target_1 | J1: target_2 | K1: target_3 | L1: target_4 | M1: target_5 | N1: target_6 | O1: kong_host | P1: path | Q1: kong_api_url | R1: upstream_curl | S1: service_curl | T1: route_curl | U1: target_1_curl | V1: target_2_curl | W1: target_3_curl | X1: target_4_curl | Y1: target_5_curl | Z1: target_6_curl
A2: =IF(ISNUMBER(SEARCH("rest_api",svc!R2)),1,0) -> 1 | C2: =svc!D2 -> dmz | D2: =svc!$B2 -> v504 | E2: =svc!G2 -> 31011 | F2: =CONCATENATE("ups-",svc!$B2,"-",svc!I2) -> ups-v504-bes_signalr_server | G2: =CONCATENATE("svc-",svc!$B2,"-",svc!I2) -> svc-v504-bes_signalr_server | H2: =CONCATENATE("route-",VLOOKUP($D2,kong_p2_var!$B$10:$D$16,2,FALSE),"-",svc!$B2,"-",svc!I2) -> route-v510-v504-bes_signalr_server | I2: =CONCATENATE(VLOOKUP($D2,kong_p2_var!$B$20:$H$26,SUBSTITUTE(I$1,"target_","") + 1,FALSE),":",$E2) -> 172.20.148.102:31011 | J2: =CONCATENATE(VLOOKUP($D2,kong_p2_var!$B$20:$H$26,SUBSTITUTE(J$1,"target_","") + 1,FALSE),":",$E2) -> 172.20.148.103:31011 | K2: =CONCATENATE(VLOOKUP($D2,kong_p2_var!$B$20:$H$26,SUBSTITUTE(K$1,"target_","") + 1,FALSE),":",$E2) -> 172.20.148.104:31011 | L2: =IF($C2="dmz","",CONCATENATE(VLOOKUP($D2,kong_p2_var!$B$20:$H$26,SUBSTITUTE(L$1,"target_","") + 1,FALSE),":",$E2)) | M2: =IF($C2="dmz","",CONCATENATE(VLOOKUP($D2,kong_p2_var!$B$20:$H$26,SUBSTITUTE(M$1,"target_","") + 1,FALSE),":",$E2)) | N2: =IF($C2="dmz","",CONCATENATE(VLOOKUP($D2,kong_p2_var!$B$20:$H$26,SUBSTITUTE(N$1,"target_","") + 1,FALSE),":",$E2)) | O2: =VLOOKUP($D2,kong_p2_var!$B$10:$D$16,3,FALSE) -> 172.20.148.71 | P2: =CONCATENATE("/",C2,MID(D2,2,15),"/",svc!$I2) -> /dmz504/bes_signalr_server | Q2: =VLOOKUP(C2,kong_p2_var!$B$6:$C$7,2,FALSE) -> http://172.20.149.80:8001 | R2: =SUBSTITUTE(SUBSTITUTE(kong_p2_var!$J$1,"<upstream_name>",$F2),"<kong_api_url>",$Q2) -> curl -X PUT http://172.20.149.80:8001/upstreams/ups-v504-bes_signalr_server | S2: =SUBSTITUTE(SUBSTITUTE(SUBSTITUTE(SUBSTITUTE(kong_p2_var!$J$2,"<kong_api_url>",$Q2),"<upstream_name>",$F2),"<port>",$E2),"<service_name>",$G2) -> curl -X PUT http://172.20.149.80:8001/services/svc-v504-bes_signalr_server -H "Content-Type: application/json" -d '{"protocol":"http","host":"ups-v504-bes_signalr_server","port":31011}' | T2: =SUBSTITUTE(SUBSTITUTE(SUBSTITUTE(SUBSTITUTE(SUBSTITUTE(kong_p2_var!$J$3,"<kong_api_url>",$Q2),"<route_name>",$H2),"<service_name>",$G2),"<host>",$O2),"<path>",$P2) -> curl -X PUT http://172.20.149.80:8001/services/svc-v504-bes_signalr_server/routes/route-v510-v504-bes_signalr_server -H "Content-Type: application/json" -d '{"protocols":["http"],"hosts":["172.20.148.71"],"paths":["/dmz504/bes_signalr_server"]}' | U2: =IF(I2="","","curl -X POST " & $Q2 & "/upstreams/"& $F2 &"/targets -d 'target="& I2 & "'") -> curl -X POST http://172.20.149.80:8001/upstreams/ups-v504-bes_signalr_server/targets -d 'target=172.20.148.102:31011' | V2: =IF(J2="","","curl -X POST " & $Q2 & "/upstreams/"& $F2 &"/targets -d 'target="& J2 & "'") -> curl -X POST http://172.20.149.80:8001/upstreams/ups-v504-bes_signalr_server/targets -d 'target=172.20.148.103:31011' | W2: =IF(K2="","","curl -X POST " & $Q2 & "/upstreams/"& $F2 &"/targets -d 'target="& K2 & "'") -> curl -X POST http://172.20.149.80:8001/upstreams/ups-v504-bes_signalr_server/targets -d 'target=172.20.148.104:31011' | X2: =IF(L2="","","curl -X POST " & $Q2 & "/upstreams/"& $F2 &"/targets -d 'target="& L2 & "'") | Y2: =IF(M2="","","curl -X POST " & $Q2 & "/upstreams/"& $F2 &"/targets -d 'target="& M2 & "'") | Z2: =IF(N2="","","curl -X POST " & $Q2 & "/upstreams/"& $F2 &"/targets -d 'target="& N2 & "'")
A3: =IF(ISNUMBER(SEARCH("rest_api",svc!R3)),1,0) -> 1 | C3: =svc!D3 -> dmz | D3: =svc!$B3 -> v504 | E3: =svc!G3 -> 31026 | F3: =CONCATENATE("ups-",svc!$B3,"-",svc!I3) -> ups-v504-bes_wmm | G3: =CONCATENATE("svc-",svc!$B3,"-",svc!I3) -> svc-v504-bes_wmm | H3: =CONCATENATE("route-",VLOOKUP($D3,kong_p2_var!$B$10:$D$16,2,FALSE),"-",svc!$B3,"-",svc!I3) -> route-v510-v504-bes_wmm | I3: =CONCATENATE(VLOOKUP($D3,kong_p2_var!$B$20:$H$26,SUBSTITUTE(I$1,"target_","") + 1,FALSE),":",$E3) -> 172.20.148.102:31026 | J3: =CONCATENATE(VLOOKUP($D3,kong_p2_var!$B$20:$H$26,SUBSTITUTE(J$1,"target_","") + 1,FALSE),":",$E3) -> 172.20.148.103:31026 | K3: =CONCATENATE(VLOOKUP($D3,kong_p2_var!$B$20:$H$26,SUBSTITUTE(K$1,"target_","") + 1,FALSE),":",$E3) -> 172.20.148.104:31026 | L3: =IF($C3="dmz","",CONCATENATE(VLOOKUP($D3,kong_p2_var!$B$20:$H$26,SUBSTITUTE(L$1,"target_","") + 1,FALSE),":",$E3)) | M3: =IF($C3="dmz","",CONCATENATE(VLOOKUP($D3,kong_p2_var!$B$20:$H$26,SUBSTITUTE(M$1,"target_","") + 1,FALSE),":",$E3)) | N3: =IF($C3="dmz","",CONCATENATE(VLOOKUP($D3,kong_p2_var!$B$20:$H$26,SUBSTITUTE(N$1,"target_","") + 1,FALSE),":",$E3)) | O3: =VLOOKUP($D3,kong_p2_var!$B$10:$D$16,3,FALSE) -> 172.20.148.71 | P3: =CONCATENATE("/",C3,MID(D3,2,15),"/",svc!$I3) -> /dmz504/bes_wmm | Q3: =VLOOKUP(C3,kong_p2_var!$B$6:$C$7,2,FALSE) -> http://172.20.149.80:8001 | R3: =SUBSTITUTE(SUBSTITUTE(kong_p2_var!$J$1,"<upstream_name>",$F3),"<kong_api_url>",$Q3) -> curl -X PUT http://172.20.149.80:8001/upstreams/ups-v504-bes_wmm | S3: =SUBSTITUTE(SUBSTITUTE(SUBSTITUTE(SUBSTITUTE(kong_p2_var!$J$2,"<kong_api_url>",$Q3),"<upstream_name>",$F3),"<port>",$E3),"<service_name>",$G3) -> curl -X PUT http://172.20.149.80:8001/services/svc-v504-bes_wmm -H "Content-Type: application/json" -d '{"protocol":"http","host":"ups-v504-bes_wmm","port":31026}' | T3: =SUBSTITUTE(SUBSTITUTE(SUBSTITUTE(SUBSTITUTE(SUBSTITUTE(kong_p2_var!$J$3,"<kong_api_url>",$Q3),"<route_name>",$H3),"<service_name>",$G3),"<host>",$O3),"<path>",$P3) -> curl -X PUT http://172.20.149.80:8001/services/svc-v504-bes_wmm/routes/route-v510-v504-bes_wmm -H "Content-Type: application/json" -d '{"protocols":["http"],"hosts":["172.20.148.71"],"paths":["/dmz504/bes_wmm"]}' | U3: =IF(I3="","","curl -X POST " & $Q3 & "/upstreams/"& $F3 &"/targets -d 'target="& I3 & "'") -> curl -X POST http://172.20.149.80:8001/upstreams/ups-v504-bes_wmm/targets -d 'target=172.20.148.102:31026' | V3: =IF(J3="","","curl -X POST " & $Q3 & "/upstreams/"& $F3 &"/targets -d 'target="& J3 & "'") -> curl -X POST http://172.20.149.80:8001/upstreams/ups-v504-bes_wmm/targets -d 'target=172.20.148.103:31026' | W3: =IF(K3="","","curl -X POST " & $Q3 & "/upstreams/"& $F3 &"/targets -d 'target="& K3 & "'") -> curl -X POST http://172.20.149.80:8001/upstreams/ups-v504-bes_wmm/targets -d 'target=172.20.148.104:31026' | X3: =IF(L3="","","curl -X POST " & $Q3 & "/upstreams/"& $F3 &"/targets -d 'target="& L3 & "'") | Y3: =IF(M3="","","curl -X POST " & $Q3 & "/upstreams/"& $F3 &"/targets -d 'target="& M3 & "'") | Z3: =IF(N3="","","curl -X POST " & $Q3 & "/upstreams/"& $F3 &"/targets -d 'target="& N3 & "'")
A4: =IF(ISNUMBER(SEARCH("rest_api",svc!R4)),1,0) -> 1 | C4: =svc!D4 -> dmz | D4: =svc!$B4 -> v804 | E4: =svc!G4 -> 31026 | F4: =CONCATENATE("ups-",svc!$B4,"-",svc!I4) -> ups-v804-bes_wmm | G4: =CONCATENATE("svc-",svc!$B4,"-",svc!I4) -> svc-v804-bes_wmm | H4: =CONCATENATE("route-",VLOOKUP($D4,kong_p2_var!$B$10:$D$16,2,FALSE),"-",svc!$B4,"-",svc!I4) -> route-v810-v804-bes_wmm | I4: =CONCATENATE(VLOOKUP($D4,kong_p2_var!$B$20:$H$26,SUBSTITUTE(I$1,"target_","") + 1,FALSE),":",$E4) -> 172.20.149.70:31026 | J4: =CONCATENATE(VLOOKUP($D4,kong_p2_var!$B$20:$H$26,SUBSTITUTE(J$1,"target_","") + 1,FALSE),":",$E4) -> 172.20.149.71:31026 | K4: =CONCATENATE(VLOOKUP($D4,kong_p2_var!$B$20:$H$26,SUBSTITUTE(K$1,"target_","") + 1,FALSE),":",$E4) -> 172.20.149.72:31026 | L4: =IF($C4="dmz","",CONCATENATE(VLOOKUP($D4,kong_p2_var!$B$20:$H$26,SUBSTITUTE(L$1,"target_","") + 1,FALSE),":",$E4)) | M4: =IF($C4="dmz","",CONCATENATE(VLOOKUP($D4,kong_p2_var!$B$20:$H$26,SUBSTITUTE(M$1,"target_","") + 1,FALSE),":",$E4)) | N4: =IF($C4="dmz","",CONCATENATE(VLOOKUP($D4,kong_p2_var!$B$20:$H$26,SUBSTITUTE(N$1,"target_","") + 1,FALSE),":",$E4)) | O4: =VLOOKUP($D4,kong_p2_var!$B$10:$D$16,3,FALSE) -> 172.20.151.71 | P4: =CONCATENATE("/",C4,MID(D4,2,15),"/",svc!$I4) -> /dmz804/bes_wmm | Q4: =VLOOKUP(C4,kong_p2_var!$B$6:$C$7,2,FALSE) -> http://172.20.149.80:8001 | R4: =SUBSTITUTE(SUBSTITUTE(kong_p2_var!$J$1,"<upstream_name>",$F4),"<kong_api_url>",$Q4) -> curl -X PUT http://172.20.149.80:8001/upstreams/ups-v804-bes_wmm | S4: =SUBSTITUTE(SUBSTITUTE(SUBSTITUTE(SUBSTITUTE(kong_p2_var!$J$2,"<kong_api_url>",$Q4),"<upstream_name>",$F4),"<port>",$E4),"<service_name>",$G4) -> curl -X PUT http://172.20.149.80:8001/services/svc-v804-bes_wmm -H "Content-Type: application/json" -d '{"protocol":"http","host":"ups-v804-bes_wmm","port":31026}' | T4: =SUBSTITUTE(SUBSTITUTE(SUBSTITUTE(SUBSTITUTE(SUBSTITUTE(kong_p2_var!$J$3,"<kong_api_url>",$Q4),"<route_name>",$H4),"<service_name>",$G4),"<host>",$O4),"<path>",$P4) -> curl -X PUT http://172.20.149.80:8001/services/svc-v804-bes_wmm/routes/route-v810-v804-bes_wmm -H "Content-Type: application/json" -d '{"protocols":["http"],"hosts":["172.20.151.71"],"paths":["/dmz804/bes_wmm"]}' | U4: =IF(I4="","","curl -X POST " & $Q4 & "/upstreams/"& $F4 &"/targets -d 'target="& I4 & "'") -> curl -X POST http://172.20.149.80:8001/upstreams/ups-v804-bes_wmm/targets -d 'target=172.20.149.70:31026' | V4: =IF(J4="","","curl -X POST " & $Q4 & "/upstreams/"& $F4 &"/targets -d 'target="& J4 & "'") -> curl -X POST http://172.20.149.80:8001/upstreams/ups-v804-bes_wmm/targets -d 'target=172.20.149.71:31026' | W4: =IF(K4="","","curl -X POST " & $Q4 & "/upstreams/"& $F4 &"/targets -d 'target="& K4 & "'") -> curl -X POST http://172.20.149.80:8001/upstreams/ups-v804-bes_wmm/targets -d 'target=172.20.149.72:31026' | X4: =IF(L4="","","curl -X POST " & $Q4 & "/upstreams/"& $F4 &"/targets -d 'target="& L4 & "'") | Y4: =IF(M4="","","curl -X POST " & $Q4 & "/upstreams/"& $F4 &"/targets -d 'target="& M4 & "'") | Z4: =IF(N4="","","curl -X POST " & $Q4 & "/upstreams/"& $F4 &"/targets -d 'target="& N4 & "'")
A5: =IF(ISNUMBER(SEARCH("rest_api",svc!R5)),1,0) -> 0 | C5: =svc!D5 -> dmz | D5: =svc!$B5 -> v504 | E5: =svc!G5 -> 31010 | F5: =CONCATENATE("ups-",svc!$B5,"-",svc!I5) -> ups-v504-bescore_portal | G5: =CONCATENATE("svc-",svc!$B5,"-",svc!I5) -> svc-v504-bescore_portal | H5: =CONCATENATE("route-",VLOOKUP($D5,kong_p2_var!$B$10:$D$16,2,FALSE),"-",svc!$B5,"-",svc!I5) -> route-v510-v504-bescore_portal | I5: =CONCATENATE(VLOOKUP($D5,kong_p2_var!$B$20:$H$26,SUBSTITUTE(I$1,"target_","") + 1,FALSE),":",$E5) -> 172.20.148.102:31010 | J5: =CONCATENATE(VLOOKUP($D5,kong_p2_var!$B$20:$H$26,SUBSTITUTE(J$1,"target_","") + 1,FALSE),":",$E5) -> 172.20.148.103:31010 | K5: =CONCATENATE(VLOOKUP($D5,kong_p2_var!$B$20:$H$26,SUBSTITUTE(K$1,"target_","") + 1,FALSE),":",$E5) -> 172.20.148.104:31010 | L5: =IF($C5="dmz","",CONCATENATE(VLOOKUP($D5,kong_p2_var!$B$20:$H$26,SUBSTITUTE(L$1,"target_","") + 1,FALSE),":",$E5)) | M5: =IF($C5="dmz","",CONCATENATE(VLOOKUP($D5,kong_p2_var!$B$20:$H$26,SUBSTITUTE(M$1,"target_","") + 1,FALSE),":",$E5)) | N5: =IF($C5="dmz","",CONCATENATE(VLOOKUP($D5,kong_p2_var!$B$20:$H$26,SUBSTITUTE(N$1,"target_","") + 1,FALSE),":",$E5)) | O5: =VLOOKUP($D5,kong_p2_var!$B$10:$D$16,3,FALSE) -> 172.20.148.71 | P5: =CONCATENATE("/",C5,MID(D5,2,15),"/",svc!$I5) -> /dmz504/bescore_portal | Q5: =VLOOKUP(C5,kong_p2_var!$B$6:$C$7,2,FALSE) -> http://172.20.149.80:8001 | R5: =SUBSTITUTE(SUBSTITUTE(kong_p2_var!$J$1,"<upstream_name>",$F5),"<kong_api_url>",$Q5) -> curl -X PUT http://172.20.149.80:8001/upstreams/ups-v504-bescore_portal | S5: =SUBSTITUTE(SUBSTITUTE(SUBSTITUTE(SUBSTITUTE(kong_p2_var!$J$2,"<kong_api_url>",$Q5),"<upstream_name>",$F5),"<port>",$E5),"<service_name>",$G5) -> curl -X PUT http://172.20.149.80:8001/services/svc-v504-bescore_portal -H "Content-Type: application/json" -d '{"protocol":"http","host":"ups-v504-bescore_portal","port":31010}' | T5: =SUBSTITUTE(SUBSTITUTE(SUBSTITUTE(SUBSTITUTE(SUBSTITUTE(kong_p2_var!$J$3,"<kong_api_url>",$Q5),"<route_name>",$H5),"<service_name>",$G5),"<host>",$O5),"<path>",$P5) -> curl -X PUT http://172.20.149.80:8001/services/svc-v504-bescore_portal/routes/route-v510-v504-bescore_portal -H "Content-Type: application/json" -d '{"protocols":["http"],"hosts":["172.20.148.71"],"paths":["/dmz504/bescore_portal"]}' | U5: =IF(I5="","","curl -X POST " & $Q5 & "/upstreams/"& $F5 &"/targets -d 'target="& I5 & "'") -> curl -X POST http://172.20.149.80:8001/upstreams/ups-v504-bescore_portal/targets -d 'target=172.20.148.102:31010' | V5: =IF(J5="","","curl -X POST " & $Q5 & "/upstreams/"& $F5 &"/targets -d 'target="& J5 & "'") -> curl -X POST http://172.20.149.80:8001/upstreams/ups-v504-bescore_portal/targets -d 'target=172.20.148.103:31010' | W5: =IF(K5="","","curl -X POST " & $Q5 & "/upstreams/"& $F5 &"/targets -d 'target="& K5 & "'") -> curl -X POST http://172.20.149.80:8001/upstreams/ups-v504-bescore_portal/targets -d 'target=172.20.148.104:31010' | X5: =IF(L5="","","curl -X POST " & $Q5 & "/upstreams/"& $F5 &"/targets -d 'target="& L5 & "'") | Y5: =IF(M5="","","curl -X POST " & $Q5 & "/upstreams/"& $F5 &"/targets -d 'target="& M5 & "'") | Z5: =IF(N5="","","curl -X POST " & $Q5 & "/upstreams/"& $F5 &"/targets -d 'target="& N5 & "'")
A6: =IF(ISNUMBER(SEARCH("rest_api",svc!R6)),1,0) -> 0 | C6: =svc!D6 -> dmz | D6: =svc!$B6 -> v504 | E6: =svc!G6 -> 31010 | F6: =CONCATENATE("ups-",svc!$B6,"-",svc!I6) -> ups-v504-bescore_portal | G6: =CONCATENATE("svc-",svc!$B6,"-",svc!I6) -> svc-v504-bescore_portal | H6: =CONCATENATE("route-",VLOOKUP($D6,kong_p2_var!$B$10:$D$16,2,FALSE),"-",svc!$B6,"-",svc!I6) -> route-v510-v504-bescore_portal | I6: =CONCATENATE(VLOOKUP($D6,kong_p2_var!$B$20:$H$26,SUBSTITUTE(I$1,"target_","") + 1,FALSE),":",$E6) -> 172.20.148.102:31010 | J6: =CONCATENATE(VLOOKUP($D6,kong_p2_var!$B$20:$H$26,SUBSTITUTE(J$1,"target_","") + 1,FALSE),":",$E6) -> 172.20.148.103:31010 | K6: =CONCATENATE(VLOOKUP($D6,kong_p2_var!$B$20:$H$26,SUBSTITUTE(K$1,"target_","") + 1,FALSE),":",$E6) -> 172.20.148.104:31010 | L6: =IF($C6="dmz","",CONCATENATE(VLOOKUP($D6,kong_p2_var!$B$20:$H$26,SUBSTITUTE(L$1,"target_","") + 1,FALSE),":",$E6)) | M6: =IF($C6="dmz","",CONCATENATE(VLOOKUP($D6,kong_p2_var!$B$20:$H$26,SUBSTITUTE(M$1,"target_","") + 1,FALSE),":",$E6)) | N6: =IF($C6="dmz","",CONCATENATE(VLOOKUP($D6,kong_p2_var!$B$20:$H$26,SUBSTITUTE(N$1,"target_","") + 1,FALSE),":",$E6)) | O6: =VLOOKUP($D6,kong_p2_var!$B$10:$D$16,3,FALSE) -> 172.20.148.71 | P6: =CONCATENATE("/",C6,MID(D6,2,15),"/",svc!$I6) -> /dmz504/bescore_portal | Q6: =VLOOKUP(C6,kong_p2_var!$B$6:$C$7,2,FALSE) -> http://172.20.149.80:8001 | R6: =SUBSTITUTE(SUBSTITUTE(kong_p2_var!$J$1,"<upstream_name>",$F6),"<kong_api_url>",$Q6) -> curl -X PUT http://172.20.149.80:8001/upstreams/ups-v504-bescore_portal | S6: =SUBSTITUTE(SUBSTITUTE(SUBSTITUTE(SUBSTITUTE(kong_p2_var!$J$2,"<kong_api_url>",$Q6),"<upstream_name>",$F6),"<port>",$E6),"<service_name>",$G6) -> curl -X PUT http://172.20.149.80:8001/services/svc-v504-bescore_portal -H "Content-Type: application/json" -d '{"protocol":"http","host":"ups-v504-bescore_portal","port":31010}' | T6: =SUBSTITUTE(SUBSTITUTE(SUBSTITUTE(SUBSTITUTE(SUBSTITUTE(kong_p2_var!$J$3,"<kong_api_url>",$Q6),"<route_name>",$H6),"<service_name>",$G6),"<host>",$O6),"<path>",$P6) -> curl -X PUT http://172.20.149.80:8001/services/svc-v504-bescore_portal/routes/route-v510-v504-bescore_portal -H "Content-Type: application/json" -d '{"protocols":["http"],"hosts":["172.20.148.71"],"paths":["/dmz504/bescore_portal"]}' | U6: =IF(I6="","","curl -X POST " & $Q6 & "/upstreams/"& $F6 &"/targets -d 'target="& I6 & "'") -> curl -X POST http://172.20.149.80:8001/upstreams/ups-v504-bescore_portal/targets -d 'target=172.20.148.102:31010' | V6: =IF(J6="","","curl -X POST " & $Q6 & "/upstreams/"& $F6 &"/targets -d 'target="& J6 & "'") -> curl -X POST http://172.20.149.80:8001/upstreams/ups-v504-bescore_portal/targets -d 'target=172.20.148.103:31010' | W6: =IF(K6="","","curl -X POST " & $Q6 & "/upstreams/"& $F6 &"/targets -d 'target="& K6 & "'") -> curl -X POST http://172.20.149.80:8001/upstreams/ups-v504-bescore_portal/targets -d 'target=172.20.148.104:31010' | X6: =IF(L6="","","curl -X POST " & $Q6 & "/upstreams/"& $F6 &"/targets -d 'target="& L6 & "'") | Y6: =IF(M6="","","curl -X POST " & $Q6 & "/upstreams/"& $F6 &"/targets -d 'target="& M6 & "'") | Z6: =IF(N6="","","curl -X POST " & $Q6 & "/upstreams/"& $F6 &"/targets -d 'target="& N6 & "'")
A7: =IF(ISNUMBER(SEARCH("rest_api",svc!R7)),1,0) -> 0 | C7: =svc!D7 -> dmz | D7: =svc!$B7 -> v504 | E7: =svc!G7 -> 31028 | F7: =CONCATENATE("ups-",svc!$B7,"-",svc!I7) -> ups-v504-ccms_portal | G7: =CONCATENATE("svc-",svc!$B7,"-",svc!I7) -> svc-v504-ccms_portal | H7: =CONCATENATE("route-",VLOOKUP($D7,kong_p2_var!$B$10:$D$16,2,FALSE),"-",svc!$B7,"-",svc!I7) -> route-v510-v504-ccms_portal | I7: =CONCATENATE(VLOOKUP($D7,kong_p2_var!$B$20:$H$26,SUBSTITUTE(I$1,"target_","") + 1,FALSE),":",$E7) -> 172.20.148.102:31028 | J7: =CONCATENATE(VLOOKUP($D7,kong_p2_var!$B$20:$H$26,SUBSTITUTE(J$1,"target_","") + 1,FALSE),":",$E7) -> 172.20.148.103:31028 | K7: =CONCATENATE(VLOOKUP($D7,kong_p2_var!$B$20:$H$26,SUBSTITUTE(K$1,"target_","") + 1,FALSE),":",$E7) -> 172.20.148.104:31028 | L7: =IF($C7="dmz","",CONCATENATE(VLOOKUP($D7,kong_p2_var!$B$20:$H$26,SUBSTITUTE(L$1,"target_","") + 1,FALSE),":",$E7)) | M7: =IF($C7="dmz","",CONCATENATE(VLOOKUP($D7,kong_p2_var!$B$20:$H$26,SUBSTITUTE(M$1,"target_","") + 1,FALSE),":",$E7)) | N7: =IF($C7="dmz","",CONCATENATE(VLOOKUP($D7,kong_p2_var!$B$20:$H$26,SUBSTITUTE(N$1,"target_","") + 1,FALSE),":",$E7)) | O7: =VLOOKUP($D7,kong_p2_var!$B$10:$D$16,3,FALSE) -> 172.20.148.71 | P7: =CONCATENATE("/",C7,MID(D7,2,15),"/",svc!$I7) -> /dmz504/ccms_portal | Q7: =VLOOKUP(C7,kong_p2_var!$B$6:$C$7,2,FALSE) -> http://172.20.149.80:8001 | R7: =SUBSTITUTE(SUBSTITUTE(kong_p2_var!$J$1,"<upstream_name>",$F7),"<kong_api_url>",$Q7) -> curl -X PUT http://172.20.149.80:8001/upstreams/ups-v504-ccms_portal | S7: =SUBSTITUTE(SUBSTITUTE(SUBSTITUTE(SUBSTITUTE(kong_p2_var!$J$2,"<kong_api_url>",$Q7),"<upstream_name>",$F7),"<port>",$E7),"<service_name>",$G7) -> curl -X PUT http://172.20.149.80:8001/services/svc-v504-ccms_portal -H "Content-Type: application/json" -d '{"protocol":"http","host":"ups-v504-ccms_portal","port":31028}' | T7: =SUBSTITUTE(SUBSTITUTE(SUBSTITUTE(SUBSTITUTE(SUBSTITUTE(kong_p2_var!$J$3,"<kong_api_url>",$Q7),"<route_name>",$H7),"<service_name>",$G7),"<host>",$O7),"<path>",$P7) -> curl -X PUT http://172.20.149.80:8001/services/svc-v504-ccms_portal/routes/route-v510-v504-ccms_portal -H "Content-Type: application/json" -d '{"protocols":["http"],"hosts":["172.20.148.71"],"paths":["/dmz504/ccms_portal"]}' | U7: =IF(I7="","","curl -X POST " & $Q7 & "/upstreams/"& $F7 &"/targets -d 'target="& I7 & "'") -> curl -X POST http://172.20.149.80:8001/upstreams/ups-v504-ccms_portal/targets -d 'target=172.20.148.102:31028' | V7: =IF(J7="","","curl -X POST " & $Q7 & "/upstreams/"& $F7 &"/targets -d 'target="& J7 & "'") -> curl -X POST http://172.20.149.80:8001/upstreams/ups-v504-ccms_portal/targets -d 'target=172.20.148.103:31028' | W7: =IF(K7="","","curl -X POST " & $Q7 & "/upstreams/"& $F7 &"/targets -d 'target="& K7 & "'") -> curl -X POST http://172.20.149.80:8001/upstreams/ups-v504-ccms_portal/targets -d 'target=172.20.148.104:31028' | X7: =IF(L7="","","curl -X POST " & $Q7 & "/upstreams/"& $F7 &"/targets -d 'target="& L7 & "'") | Y7: =IF(M7="","","curl -X POST " & $Q7 & "/upstreams/"& $F7 &"/targets -d 'target="& M7 & "'") | Z7: =IF(N7="","","curl -X POST " & $Q7 & "/upstreams/"& $F7 &"/targets -d 'target="& N7 & "'")
A8: =IF(ISNUMBER(SEARCH("rest_api",svc!R8)),1,0) -> 0 | C8: =svc!D8 -> dmz | D8: =svc!$B8 -> v504 | E8: =svc!G8 -> 31028 | F8: =CONCATENATE("ups-",svc!$B8,"-",svc!I8) -> ups-v504-ccms_portal | G8: =CONCATENATE("svc-",svc!$B8,"-",svc!I8) -> svc-v504-ccms_portal | H8: =CONCATENATE("route-",VLOOKUP($D8,kong_p2_var!$B$10:$D$16,2,FALSE),"-",svc!$B8,"-",svc!I8) -> route-v510-v504-ccms_portal | I8: =CONCATENATE(VLOOKUP($D8,kong_p2_var!$B$20:$H$26,SUBSTITUTE(I$1,"target_","") + 1,FALSE),":",$E8) -> 172.20.148.102:31028 | J8: =CONCATENATE(VLOOKUP($D8,kong_p2_var!$B$20:$H$26,SUBSTITUTE(J$1,"target_","") + 1,FALSE),":",$E8) -> 172.20.148.103:31028 | K8: =CONCATENATE(VLOOKUP($D8,kong_p2_var!$B$20:$H$26,SUBSTITUTE(K$1,"target_","") + 1,FALSE),":",$E8) -> 172.20.148.104:31028 | L8: =IF($C8="dmz","",CONCATENATE(VLOOKUP($D8,kong_p2_var!$B$20:$H$26,SUBSTITUTE(L$1,"target_","") + 1,FALSE),":",$E8)) | M8: =IF($C8="dmz","",CONCATENATE(VLOOKUP($D8,kong_p2_var!$B$20:$H$26,SUBSTITUTE(M$1,"target_","") + 1,FALSE),":",$E8)) | N8: =IF($C8="dmz","",CONCATENATE(VLOOKUP($D8,kong_p2_var!$B$20:$H$26,SUBSTITUTE(N$1,"target_","") + 1,FALSE),":",$E8)) | O8: =VLOOKUP($D8,kong_p2_var!$B$10:$D$16,3,FALSE) -> 172.20.148.71 | P8: =CONCATENATE("/",C8,MID(D8,2,15),"/",svc!$I8) -> /dmz504/ccms_portal | Q8: =VLOOKUP(C8,kong_p2_var!$B$6:$C$7,2,FALSE) -> http://172.20.149.80:8001 | R8: =SUBSTITUTE(SUBSTITUTE(kong_p2_var!$J$1,"<upstream_name>",$F8),"<kong_api_url>",$Q8) -> curl -X PUT http://172.20.149.80:8001/upstreams/ups-v504-ccms_portal | S8: =SUBSTITUTE(SUBSTITUTE(SUBSTITUTE(SUBSTITUTE(kong_p2_var!$J$2,"<kong_api_url>",$Q8),"<upstream_name>",$F8),"<port>",$E8),"<service_name>",$G8) -> curl -X PUT http://172.20.149.80:8001/services/svc-v504-ccms_portal -H "Content-Type: application/json" -d '{"protocol":"http","host":"ups-v504-ccms_portal","port":31028}' | T8: =SUBSTITUTE(SUBSTITUTE(SUBSTITUTE(SUBSTITUTE(SUBSTITUTE(kong_p2_var!$J$3,"<kong_api_url>",$Q8),"<route_name>",$H8),"<service_name>",$G8),"<host>",$O8),"<path>",$P8) -> curl -X PUT http://172.20.149.80:8001/services/svc-v504-ccms_portal/routes/route-v510-v504-ccms_portal -H "Content-Type: application/json" -d '{"protocols":["http"],"hosts":["172.20.148.71"],"paths":["/dmz504/ccms_portal"]}' | U8: =IF(I8="","","curl -X POST " & $Q8 & "/upstreams/"& $F8 &"/targets -d 'target="& I8 & "'") -> curl -X POST http://172.20.149.80:8001/upstreams/ups-v504-ccms_portal/targets -d 'target=172.20.148.102:31028' | V8: =IF(J8="","","curl -X POST " & $Q8 & "/upstreams/"& $F8 &"/targets -d 'target="& J8 & "'") -> curl -X POST http://172.20.149.80:8001/upstreams/ups-v504-ccms_portal/targets -d 'target=172.20.148.103:31028' | W8: =IF(K8="","","curl -X POST " & $Q8 & "/upstreams/"& $F8 &"/targets -d 'target="& K8 & "'") -> curl -X POST http://172.20.149.80:8001/upstreams/ups-v504-ccms_portal/targets -d 'target=172.20.148.104:31028' | X8: =IF(L8="","","curl -X POST " & $Q8 & "/upstreams/"& $F8 &"/targets -d 'target="& L8 & "'") | Y8: =IF(M8="","","curl -X POST " & $Q8 & "/upstreams/"& $F8 &"/targets -d 'target="& M8 & "'") | Z8: =IF(N8="","","curl -X POST " & $Q8 & "/upstreams/"& $F8 &"/targets -d 'target="& N8 & "'")
A9: =IF(ISNUMBER(SEARCH("rest_api",svc!R9)),1,0) -> 1 | C9: =svc!D9 -> dmz | D9: =svc!$B9 -> v904 | E9: =svc!G9 -> 31211 | F9: =CONCATENATE("ups-",svc!$B9,"-",svc!I9) -> ups-v904-ccs_middleware | G9: =CONCATENATE("svc-",svc!$B9,"-",svc!I9) -> svc-v904-ccs_middleware | H9: =CONCATENATE("route-",VLOOKUP($D9,kong_p2_var!$B$10:$D$16,2,FALSE),"-",svc!$B9,"-",svc!I9) -> route-v910-v904-ccs_middleware | I9: =CONCATENATE(VLOOKUP($D9,kong_p2_var!$B$20:$H$26,SUBSTITUTE(I$1,"target_","") + 1,FALSE),":",$E9) -> 172.20.149.102:31211 | J9: =CONCATENATE(VLOOKUP($D9,kong_p2_var!$B$20:$H$26,SUBSTITUTE(J$1,"target_","") + 1,FALSE),":",$E9) -> 172.20.149.103:31211 | K9: =CONCATENATE(VLOOKUP($D9,kong_p2_var!$B$20:$H$26,SUBSTITUTE(K$1,"target_","") + 1,FALSE),":",$E9) -> 172.20.149.104:31211 | L9: =IF($C9="dmz","",CONCATENATE(VLOOKUP($D9,kong_p2_var!$B$20:$H$26,SUBSTITUTE(L$1,"target_","") + 1,FALSE),":",$E9)) | M9: =IF($C9="dmz","",CONCATENATE(VLOOKUP($D9,kong_p2_var!$B$20:$H$26,SUBSTITUTE(M$1,"target_","") + 1,FALSE),":",$E9)) | N9: =IF($C9="dmz","",CONCATENATE(VLOOKUP($D9,kong_p2_var!$B$20:$H$26,SUBSTITUTE(N$1,"target_","") + 1,FALSE),":",$E9)) | O9: =VLOOKUP($D9,kong_p2_var!$B$10:$D$16,3,FALSE) -> 172.20.150.39 | P9: =CONCATENATE("/",C9,MID(D9,2,15),"/",svc!$I9) -> /dmz904/ccs_middleware | Q9: =VLOOKUP(C9,kong_p2_var!$B$6:$C$7,2,FALSE) -> http://172.20.149.80:8001 | R9: =SUBSTITUTE(SUBSTITUTE(kong_p2_var!$J$1,"<upstream_name>",$F9),"<kong_api_url>",$Q9) -> curl -X PUT http://172.20.149.80:8001/upstreams/ups-v904-ccs_middleware | S9: =SUBSTITUTE(SUBSTITUTE(SUBSTITUTE(SUBSTITUTE(kong_p2_var!$J$2,"<kong_api_url>",$Q9),"<upstream_name>",$F9),"<port>",$E9),"<service_name>",$G9) -> curl -X PUT http://172.20.149.80:8001/services/svc-v904-ccs_middleware -H "Content-Type: application/json" -d '{"protocol":"http","host":"ups-v904-ccs_middleware","port":31211}' | T9: =SUBSTITUTE(SUBSTITUTE(SUBSTITUTE(SUBSTITUTE(SUBSTITUTE(kong_p2_var!$J$3,"<kong_api_url>",$Q9),"<route_name>",$H9),"<service_name>",$G9),"<host>",$O9),"<path>",$P9) -> curl -X PUT http://172.20.149.80:8001/services/svc-v904-ccs_middleware/routes/route-v910-v904-ccs_middleware -H "Content-Type: application/json" -d '{"protocols":["http"],"hosts":["172.20.150.39"],"paths":["/dmz904/ccs_middleware"]}' | U9: =IF(I9="","","curl -X POST " & $Q9 & "/upstreams/"& $F9 &"/targets -d 'target="& I9 & "'") -> curl -X POST http://172.20.149.80:8001/upstreams/ups-v904-ccs_middleware/targets -d 'target=172.20.149.102:31211' | V9: =IF(J9="","","curl -X POST " & $Q9 & "/upstreams/"& $F9 &"/targets -d 'target="& J9 & "'") -> curl -X POST http://172.20.149.80:8001/upstreams/ups-v904-ccs_middleware/targets -d 'target=172.20.149.103:31211' | W9: =IF(K9="","","curl -X POST " & $Q9 & "/upstreams/"& $F9 &"/targets -d 'target="& K9 & "'") -> curl -X POST http://172.20.149.80:8001/upstreams/ups-v904-ccs_middleware/targets -d 'target=172.20.149.104:31211' | X9: =IF(L9="","","curl -X POST " & $Q9 & "/upstreams/"& $F9 &"/targets -d 'target="& L9 & "'") | Y9: =IF(M9="","","curl -X POST " & $Q9 & "/upstreams/"& $F9 &"/targets -d 'target="& M9 & "'") | Z9: =IF(N9="","","curl -X POST " & $Q9 & "/upstreams/"& $F9 &"/targets -d 'target="& N9 & "'")
A10: =IF(ISNUMBER(SEARCH("rest_api",svc!R10)),1,0) -> 1 | C10: =svc!D10 -> dmz | D10: =svc!$B10 -> v630 | E10: =svc!G10 -> 31119 | F10: =CONCATENATE("ups-",svc!$B10,"-",svc!I10) -> ups-v630-das_middleware | G10: =CONCATENATE("svc-",svc!$B10,"-",svc!I10) -> svc-v630-das_middleware | H10: =CONCATENATE("route-",VLOOKUP($D10,kong_p2_var!$B$10:$D$16,2,FALSE),"-",svc!$B10,"-",svc!I10) -> route-v510-v630-das_middleware | I10: =CONCATENATE(VLOOKUP($D10,kong_p2_var!$B$20:$H$26,SUBSTITUTE(I$1,"target_","") + 1,FALSE),":",$E10) -> 172.20.151.110:31119 | J10: =CONCATENATE(VLOOKUP($D10,kong_p2_var!$B$20:$H$26,SUBSTITUTE(J$1,"target_","") + 1,FALSE),":",$E10) -> 172.20.151.111:31119 | K10: =CONCATENATE(VLOOKUP($D10,kong_p2_var!$B$20:$H$26,SUBSTITUTE(K$1,"target_","") + 1,FALSE),":",$E10) -> 172.20.151.112:31119 | L10: =IF($C10="dmz","",CONCATENATE(VLOOKUP($D10,kong_p2_var!$B$20:$H$26,SUBSTITUTE(L$1,"target_","") + 1,FALSE),":",$E10)) | M10: =IF($C10="dmz","",CONCATENATE(VLOOKUP($D10,kong_p2_var!$B$20:$H$26,SUBSTITUTE(M$1,"target_","") + 1,FALSE),":",$E10)) | N10: =IF($C10="dmz","",CONCATENATE(VLOOKUP($D10,kong_p2_var!$B$20:$H$26,SUBSTITUTE(N$1,"target_","") + 1,FALSE),":",$E10)) | O10: =VLOOKUP($D10,kong_p2_var!$B$10:$D$16,3,FALSE) -> 172.20.150.71 | P10: =CONCATENATE("/",C10,MID(D10,2,15),"/",svc!$I10) -> /dmz630/das_middleware | Q10: =VLOOKUP(C10,kong_p2_var!$B$6:$C$7,2,FALSE) -> http://172.20.149.80:8001 | R10: =SUBSTITUTE(SUBSTITUTE(kong_p2_var!$J$1,"<upstream_name>",$F10),"<kong_api_url>",$Q10) -> curl -X PUT http://172.20.149.80:8001/upstreams/ups-v630-das_middleware | S10: =SUBSTITUTE(SUBSTITUTE(SUBSTITUTE(SUBSTITUTE(kong_p2_var!$J$2,"<kong_api_url>",$Q10),"<upstream_name>",$F10),"<port>",$E10),"<service_name>",$G10) -> curl -X PUT http://172.20.149.80:8001/services/svc-v630-das_middleware -H "Content-Type: application/json" -d '{"protocol":"http","host":"ups-v630-das_middleware","port":31119}' | T10: =SUBSTITUTE(SUBSTITUTE(SUBSTITUTE(SUBSTITUTE(SUBSTITUTE(kong_p2_var!$J$3,"<kong_api_url>",$Q10),"<route_name>",$H10),"<service_name>",$G10),"<host>",$O10),"<path>",$P10) -> curl -X PUT http://172.20.149.80:8001/services/svc-v630-das_middleware/routes/route-v510-v630-das_middleware -H "Content-Type: application/json" -d '{"protocols":["http"],"hosts":["172.20.150.71"],"paths":["/dmz630/das_middleware"]}' | U10: =IF(I10="","","curl -X POST " & $Q10 & "/upstreams/"& $F10 &"/targets -d 'target="& I10 & "'") -> curl -X POST http://172.20.149.80:8001/upstreams/ups-v630-das_middleware/targets -d 'target=172.20.151.110:31119' | V10: =IF(J10="","","curl -X POST " & $Q10 & "/upstreams/"& $F10 &"/targets -d 'target="& J10 & "'") -> curl -X POST http://172.20.149.80:8001/upstreams/ups-v630-das_middleware/targets -d 'target=172.20.151.111:31119' | W10: =IF(K10="","","curl -X POST " & $Q10 & "/upstreams/"& $F10 &"/targets -d 'target="& K10 & "'") -> curl -X POST http://172.20.149.80:8001/upstreams/ups-v630-das_middleware/targets -d 'target=172.20.151.112:31119' | X10: =IF(L10="","","curl -X POST " & $Q10 & "/upstreams/"& $F10 &"/targets -d 'target="& L10 & "'") | Y10: =IF(M10="","","curl -X POST " & $Q10 & "/upstreams/"& $F10 &"/targets -d 'target="& M10 & "'") | Z10: =IF(N10="","","curl -X POST " & $Q10 & "/upstreams/"& $F10 &"/targets -d 'target="& N10 & "'")
A11: =IF(ISNUMBER(SEARCH("rest_api",svc!R109)),1,0) -> 1 | C11: =svc!D109 -> dmz | D11: =svc!$B109 -> v630 | E11: =svc!G109 -> 31129 | F11: =CONCATENATE("ups-",svc!$B109,"-",svc!I109) -> ups-v630-das_middleware_video | G11: =CONCATENATE("svc-",svc!$B109,"-",svc!I109) -> svc-v630-das_middleware_video | H11: =CONCATENATE("route-",VLOOKUP($D11,kong_p2_var!$B$10:$D$16,2,FALSE),"-",svc!$B109,"-",svc!I109) -> route-v510-v630-das_middleware_video | I11: =CONCATENATE(VLOOKUP($D11,kong_p2_var!$B$20:$H$26,SUBSTITUTE(I$1,"target_","") + 1,FALSE),":",$E11) -> 172.20.151.110:31129 | J11: =CONCATENATE(VLOOKUP($D11,kong_p2_var!$B$20:$H$26,SUBSTITUTE(J$1,"target_","") + 1,FALSE),":",$E11) -> 172.20.151.111:31129 | K11: =CONCATENATE(VLOOKUP($D11,kong_p2_var!$B$20:$H$26,SUBSTITUTE(K$1,"target_","") + 1,FALSE),":",$E11) -> 172.20.151.112:31129 | L11: =IF($C11="dmz","",CONCATENATE(VLOOKUP($D11,kong_p2_var!$B$20:$H$26,SUBSTITUTE(L$1,"target_","") + 1,FALSE),":",$E11)) | M11: =IF($C11="dmz","",CONCATENATE(VLOOKUP($D11,kong_p2_var!$B$20:$H$26,SUBSTITUTE(M$1,"target_","") + 1,FALSE),":",$E11)) | N11: =IF($C11="dmz","",CONCATENATE(VLOOKUP($D11,kong_p2_var!$B$20:$H$26,SUBSTITUTE(N$1,"target_","") + 1,FALSE),":",$E11)) | O11: =VLOOKUP($D11,kong_p2_var!$B$10:$D$16,3,FALSE) -> 172.20.150.71 | P11: =CONCATENATE("/",C11,MID(D11,2,15),"/",svc!$I109) -> /dmz630/das_middleware_video | Q11: =VLOOKUP(C11,kong_p2_var!$B$6:$C$7,2,FALSE) -> http://172.20.149.80:8001 | R11: =SUBSTITUTE(SUBSTITUTE(kong_p2_var!$J$1,"<upstream_name>",$F11),"<kong_api_url>",$Q11) -> curl -X PUT http://172.20.149.80:8001/upstreams/ups-v630-das_middleware_video | S11: =SUBSTITUTE(SUBSTITUTE(SUBSTITUTE(SUBSTITUTE(kong_p2_var!$J$2,"<kong_api_url>",$Q11),"<upstream_name>",$F11),"<port>",$E11),"<service_name>",$G11) -> curl -X PUT http://172.20.149.80:8001/services/svc-v630-das_middleware_video -H "Content-Type: application/json" -d '{"protocol":"http","host":"ups-v630-das_middleware_video","port":31129}' | T11: =SUBSTITUTE(SUBSTITUTE(SUBSTITUTE(SUBSTITUTE(SUBSTITUTE(kong_p2_var!$J$3,"<kong_api_url>",$Q11),"<route_name>",$H11),"<service_name>",$G11),"<host>",$O11),"<path>",$P11) -> curl -X PUT http://172.20.149.80:8001/services/svc-v630-das_middleware_video/routes/route-v510-v630-das_middleware_video -H "Content-Type: application/json" -d '{"protocols":["http"],"hosts":["172.20.150.71"],"paths":["/dmz630/das_middleware_video"]}' | U11: =IF(I11="","","curl -X POST " & $Q11 & "/upstreams/"& $F11 &"/targets -d 'target="& I11 & "'") -> curl -X POST http://172.20.149.80:8001/upstreams/ups-v630-das_middleware_video/targets -d 'target=172.20.151.110:31129' | V11: =IF(J11="","","curl -X POST " & $Q11 & "/upstreams/"& $F11 &"/targets -d 'target="& J11 & "'") -> curl -X POST http://172.20.149.80:8001/upstreams/ups-v630-das_middleware_video/targets -d 'target=172.20.151.111:31129' | W11: =IF(K11="","","curl -X POST " & $Q11 & "/upstreams/"& $F11 &"/targets -d 'target="& K11 & "'") -> curl -X POST http://172.20.149.80:8001/upstreams/ups-v630-das_middleware_video/targets -d 'target=172.20.151.112:31129' | X11: =IF(L11="","","curl -X POST " & $Q11 & "/upstreams/"& $F11 &"/targets -d 'target="& L11 & "'") | Y11: =IF(M11="","","curl -X POST " & $Q11 & "/upstreams/"& $F11 &"/targets -d 'target="& M11 & "'") | Z11: =IF(N11="","","curl -X POST " & $Q11 & "/upstreams/"& $F11 &"/targets -d 'target="& N11 & "'")
A12: =IF(ISNUMBER(SEARCH("rest_api",svc!R11)),1,0) -> 0 | C12: =svc!D11 -> dmz | D12: =svc!$B11 -> v504 | E12: =svc!G11 -> 31013 | F12: =CONCATENATE("ups-",svc!$B11,"-",svc!I11) -> ups-v504-ecms_portal | G12: =CONCATENATE("svc-",svc!$B11,"-",svc!I11) -> svc-v504-ecms_portal | H12: =CONCATENATE("route-",VLOOKUP($D12,kong_p2_var!$B$10:$D$16,2,FALSE),"-",svc!$B11,"-",svc!I11) -> route-v510-v504-ecms_portal | I12: =CONCATENATE(VLOOKUP($D12,kong_p2_var!$B$20:$H$26,SUBSTITUTE(I$1,"target_","") + 1,FALSE),":",$E12) -> 172.20.148.102:31013 | J12: =CONCATENATE(VLOOKUP($D12,kong_p2_var!$B$20:$H$26,SUBSTITUTE(J$1,"target_","") + 1,FALSE),":",$E12) -> 172.20.148.103:31013 | K12: =CONCATENATE(VLOOKUP($D12,kong_p2_var!$B$20:$H$26,SUBSTITUTE(K$1,"target_","") + 1,FALSE),":",$E12) -> 172.20.148.104:31013 | L12: =IF($C12="dmz","",CONCATENATE(VLOOKUP($D12,kong_p2_var!$B$20:$H$26,SUBSTITUTE(L$1,"target_","") + 1,FALSE),":",$E12)) | M12: =IF($C12="dmz","",CONCATENATE(VLOOKUP($D12,kong_p2_var!$B$20:$H$26,SUBSTITUTE(M$1,"target_","") + 1,FALSE),":",$E12)) | N12: =IF($C12="dmz","",CONCATENATE(VLOOKUP($D12,kong_p2_var!$B$20:$H$26,SUBSTITUTE(N$1,"target_","") + 1,FALSE),":",$E12)) | O12: =VLOOKUP($D12,kong_p2_var!$B$10:$D$16,3,FALSE) -> 172.20.148.71 | P12: =CONCATENATE("/",C12,MID(D12,2,15),"/",svc!$I11) -> /dmz504/ecms_portal | Q12: =VLOOKUP(C12,kong_p2_var!$B$6:$C$7,2,FALSE) -> http://172.20.149.80:8001 | R12: =SUBSTITUTE(SUBSTITUTE(kong_p2_var!$J$1,"<upstream_name>",$F12),"<kong_api_url>",$Q12) -> curl -X PUT http://172.20.149.80:8001/upstreams/ups-v504-ecms_portal | S12: =SUBSTITUTE(SUBSTITUTE(SUBSTITUTE(SUBSTITUTE(kong_p2_var!$J$2,"<kong_api_url>",$Q12),"<upstream_name>",$F12),"<port>",$E12),"<service_name>",$G12) -> curl -X PUT http://172.20.149.80:8001/services/svc-v504-ecms_portal -H "Content-Type: application/json" -d '{"protocol":"http","host":"ups-v504-ecms_portal","port":31013}' | T12: =SUBSTITUTE(SUBSTITUTE(SUBSTITUTE(SUBSTITUTE(SUBSTITUTE(kong_p2_var!$J$3,"<kong_api_url>",$Q12),"<route_name>",$H12),"<service_name>",$G12),"<host>",$O12),"<path>",$P12) -> curl -X PUT http://172.20.149.80:8001/services/svc-v504-ecms_portal/routes/route-v510-v504-ecms_portal -H "Content-Type: application/json" -d '{"protocols":["http"],"hosts":["172.20.148.71"],"paths":["/dmz504/ecms_portal"]}' | U12: =IF(I12="","","curl -X POST " & $Q12 & "/upstreams/"& $F12 &"/targets -d 'target="& I12 & "'") -> curl -X POST http://172.20.149.80:8001/upstreams/ups-v504-ecms_portal/targets -d 'target=172.20.148.102:31013' | V12: =IF(J12="","","curl -X POST " & $Q12 & "/upstreams/"& $F12 &"/targets -d 'target="& J12 & "'") -> curl -X POST http://172.20.149.80:8001/upstreams/ups-v504-ecms_portal/targets -d 'target=172.20.148.103:31013' | W12: =IF(K12="","","curl -X POST " & $Q12 & "/upstreams/"& $F12 &"/targets -d 'target="& K12 & "'") -> curl -X POST http://172.20.149.80:8001/upstreams/ups-v504-ecms_portal/targets -d 'target=172.20.148.104:31013' | X12: =IF(L12="","","curl -X POST " & $Q12 & "/upstreams/"& $F12 &"/targets -d 'target="& L12 & "'") | Y12: =IF(M12="","","curl -X POST " & $Q12 & "/upstreams/"& $F12 &"/targets -d 'target="& M12 & "'") | Z12: =IF(N12="","","curl -X POST " & $Q12 & "/upstreams/"& $F12 &"/targets -d 'target="& N12 & "'")
A13: =IF(ISNUMBER(SEARCH("rest_api",svc!R12)),1,0) -> 0 | C13: =svc!D12 -> dmz | D13: =svc!$B12 -> v504 | E13: =svc!G12 -> 31013 | F13: =CONCATENATE("ups-",svc!$B12,"-",svc!I12) -> ups-v504-ecms_portal | G13: =CONCATENATE("svc-",svc!$B12,"-",svc!I12) -> svc-v504-ecms_portal | H13: =CONCATENATE("route-",VLOOKUP($D13,kong_p2_var!$B$10:$D$16,2,FALSE),"-",svc!$B12,"-",svc!I12) -> route-v510-v504-ecms_portal | I13: =CONCATENATE(VLOOKUP($D13,kong_p2_var!$B$20:$H$26,SUBSTITUTE(I$1,"target_","") + 1,FALSE),":",$E13) -> 172.20.148.102:31013 | J13: =CONCATENATE(VLOOKUP($D13,kong_p2_var!$B$20:$H$26,SUBSTITUTE(J$1,"target_","") + 1,FALSE),":",$E13) -> 172.20.148.103:31013 | K13: =CONCATENATE(VLOOKUP($D13,kong_p2_var!$B$20:$H$26,SUBSTITUTE(K$1,"target_","") + 1,FALSE),":",$E13) -> 172.20.148.104:31013 | L13: =IF($C13="dmz","",CONCATENATE(VLOOKUP($D13,kong_p2_var!$B$20:$H$26,SUBSTITUTE(L$1,"target_","") + 1,FALSE),":",$E13)) | M13: =IF($C13="dmz","",CONCATENATE(VLOOKUP($D13,kong_p2_var!$B$20:$H$26,SUBSTITUTE(M$1,"target_","") + 1,FALSE),":",$E13)) | N13: =IF($C13="dmz","",CONCATENATE(VLOOKUP($D13,kong_p2_var!$B$20:$H$26,SUBSTITUTE(N$1,"target_","") + 1,FALSE),":",$E13)) | O13: =VLOOKUP($D13,kong_p2_var!$B$10:$D$16,3,FALSE) -> 172.20.148.71 | P13: =CONCATENATE("/",C13,MID(D13,2,15),"/",svc!$I12) -> /dmz504/ecms_portal | Q13: =VLOOKUP(C13,kong_p2_var!$B$6:$C$7,2,FALSE) -> http://172.20.149.80:8001 | R13: =SUBSTITUTE(SUBSTITUTE(kong_p2_var!$J$1,"<upstream_name>",$F13),"<kong_api_url>",$Q13) -> curl -X PUT http://172.20.149.80:8001/upstreams/ups-v504-ecms_portal | S13: =SUBSTITUTE(SUBSTITUTE(SUBSTITUTE(SUBSTITUTE(kong_p2_var!$J$2,"<kong_api_url>",$Q13),"<upstream_name>",$F13),"<port>",$E13),"<service_name>",$G13) -> curl -X PUT http://172.20.149.80:8001/services/svc-v504-ecms_portal -H "Content-Type: application/json" -d '{"protocol":"http","host":"ups-v504-ecms_portal","port":31013}' | T13: =SUBSTITUTE(SUBSTITUTE(SUBSTITUTE(SUBSTITUTE(SUBSTITUTE(kong_p2_var!$J$3,"<kong_api_url>",$Q13),"<route_name>",$H13),"<service_name>",$G13),"<host>",$O13),"<path>",$P13) -> curl -X PUT http://172.20.149.80:8001/services/svc-v504-ecms_portal/routes/route-v510-v504-ecms_portal -H "Content-Type: application/json" -d '{"protocols":["http"],"hosts":["172.20.148.71"],"paths":["/dmz504/ecms_portal"]}' | U13: =IF(I13="","","curl -X POST " & $Q13 & "/upstreams/"& $F13 &"/targets -d 'target="& I13 & "'") -> curl -X POST http://172.20.149.80:8001/upstreams/ups-v504-ecms_portal/targets -d 'target=172.20.148.102:31013' | V13: =IF(J13="","","curl -X POST " & $Q13 & "/upstreams/"& $F13 &"/targets -d 'target="& J13 & "'") -> curl -X POST http://172.20.149.80:8001/upstreams/ups-v504-ecms_portal/targets -d 'target=172.20.148.103:31013' | W13: =IF(K13="","","curl -X POST " & $Q13 & "/upstreams/"& $F13 &"/targets -d 'target="& K13 & "'") -> curl -X POST http://172.20.149.80:8001/upstreams/ups-v504-ecms_portal/targets -d 'target=172.20.148.104:31013' | X13: =IF(L13="","","curl -X POST " & $Q13 & "/upstreams/"& $F13 &"/targets -d 'target="& L13 & "'") | Y13: =IF(M13="","","curl -X POST " & $Q13 & "/upstreams/"& $F13 &"/targets -d 'target="& M13 & "'") | Z13: =IF(N13="","","curl -X POST " & $Q13 & "/upstreams/"& $F13 &"/targets -d 'target="& N13 & "'")
